,listing,location,salary,company
0,Document Controller - Robinsons Offices,Pasig,,Robinsons Land
1,Visual Storyteller,Pasig,,TaskUS
2,Acquiring Staff - Online,Pasig,"PHP 11,800 - PHP 19,000 a month",Acom Consumer Finance Corporation
3,Customer Service Representative | Up to 26K!,Remote in Pasig,"PHP 24,000 - PHP 26,000 a month",ClearSource
4,Mortgage Admin | Up to 23k all in pay | Dayshift + Weekends...,Pasig,"PHP 21,000 - PHP 23,000 a month",Acquire BPO
5,AutoCAD Operator,Pasig,,DSCP Inc.
6,HR Staff,Remote in Pasig,"PHP 16,000 - PHP 18,000 a month",HCL Permanent
7,Customer Service Representative | Start ASAP!,Remote in Pasig,"PHP 22,000 a month",ClearSource
8,Back Office Travel Central - Silver City,Remote in Pasig,"PHP 20,000 a month",NeksJob Philippines
9,Team Lead - BPO,Remote in Pasig,,ClearSource
10,Project Architect,Pasig,"PHP 20,000 - PHP 30,000 a month",Red cube builders
11,HR Assistant - Recruitment,Pasig,"PHP 15,000 a month",Ventureslink Management Solutions
12,HR Staff (Pasig),Pasig,"PHP 14,000 - PHP 15,000 a month",Ventureslink Management Solutions
13,Accounting Staff,Pasig,,Tru29 Solutions Inc.
14,Accounting Assistant,Pasig,"PHP 18,000 a month",Chip1 Electronics Phils. Inc.
15,Customer Service Representative (CSR) for AUSTRALIAN/ DAYSHI...,Remote in Pasig,,Trec Pacific Business Process Solutions
16,OSP Site Project Manager,Pasig,,DSCP Inc.
17,Accounting Associate,Pasig,,DSCP Inc.
18,Multi-Media Art Students,Pasig,,Esc Coporation
19,Underwriter,Pasig,,Esc Coporation
20,Accounting,Pasig,,Esc Coporation
21,Business Development Officer - Palawan Job,Pasig,,Arkema
22,Credit Analyst (Lending Support Officer),Pasig,,Esc Coporation
23,Product Manager (Amazon VA),Remote in Pasig,,JJ LLC
24,Head of Amazon Marketplace,Remote in Pasig,,JJ LLC
25,RECRUITMENT ASSOCIATE • OPEN TO FRESH GRADUATES,Pasig,,Transec BPO Solutions Inc.
26,Executive Assistant,Remote in Pasig,,Incenter Solutions LLC Philippine Branch Office
27,Business Development Officer,Pasig,,Bm Express International Services Inc.
28,Guest Services Officer,Pasig,,IHG
29,CHAT AND EMAIL SUPPORT • 100% NON-VOICE,Pasig,,Transec BPO Solutions Inc.
30,Call Center Agent!! ONE DAY PROCESS AND WORK FROM HOME SET U...,Remote in Pasig,,GDV Business Services Co.
31,Purchaser,Pasig,,"Keydesign, Inc."
32,Accounting Staff,Remote in Pasig,,Focus Support Associates Inc
33,Procurement Specialist,Remote in Pasig,,JJ LLC
34,Executive Assistant Supervisor,Pasig,,PwC Acceleration Center Manila
35,Executive Assistant,Remote in Pasig,,JJ LLC
36,CUSTOMER SERVICE REPRESENTATIVE - (WFH),Remote in Pasig,,GDV Business Services Co.
37,CSR - Travel,Pasig,,GDV Business Services Co.
38,Sales and Marketing Assistant,Pasig,,Euro Group of Companies Inc.
39,Human Resources Manager,Remote in Pasig,,JJ LLC
40,Business Analyst,Pasig,,Euro Group of Companies Inc.
41,Recruiter Team Lead,Remote in Pasig,,JJ LLC
42,"Supply Chain Officer - Ortigas, Pasig City",Pasig,,General Nutrifoods Philippines Inc.
43,CSR | LOCAL ACCOUNT & DAYSHIFT | OPEN TO FRESH GRADUATES,Pasig,,Transec BPO Solutions Inc.
44,Talent Acquisition Specialist • Non-Volume Hiring,Pasig,,Transec BPO Solutions Inc.
45,Promo Girl,Pasig,,Best Allied Services Integrated Company Inc.
46,HR Coordinator (Night Shift),Pasig,,IQ-EQ
47,Billing Staff,Pasig,,Stellar 167 Manpower Recruitment and Services Inc.
48,Sales Representative,Pasig,,CHIC CENTRE CORPORATION
49,Customer Service Representative | Local Account And Dayshift,Pasig,,Transec BPO Solutions Inc.
50,HR EMPPLOYEE RELATION,Pasig,,Stellar 167 Manpower Recruitment and Services Inc.
51,Part time Financial Advisor (work from home),Remote in Pasig,,Prime Summit Life Insurance Agency
52,IT Support Specialist for BPO (In-House),Pasig,,Transec BPO Solutions Inc.
53,Recruitment Specialist (Onsite),Pasig,,RRECRUITER PTE. LTD.
54,Operations Team Leader (Manila),Pasig,,One Contact Center
55,HR Assistant - Compensation and Benefits,Pasig,,Stellar 167 Manpower Recruitment and Services Inc.
56,Customer Service Team Lead | Local Account And Dayshift,Pasig,,Transec BPO Solutions Inc.
57,Digital Media Specialist,Remote in Pasig,,ELearning Edge Inc.
58,Product Lifecycle Manager,Pasig,,AireSpring
59,Call Center Agent - No Experience Need - WFH Or WOS - Hotel...,Remote in Pasig,,Neksjob
60,System Analyst - Entry Level,Pasig,,Euro Group of Companies Inc.
61,Social Media Manager,Remote in Pasig,,JJ LLC
62,System Analyst,Pasig,,Euro Group of Companies Inc.
63,Content Writer,Pasig,,Euro Group of Companies Inc.
64,Sales Clerk,Pasig,,BROADWAY GEMS/KALIN INC
65,Sales & Marketing Associates - Free Travel (Accepts Fresh Gr...,Pasig,,Fundpro Marketing International Inc.
66,Treasury Asssitant | Ortigas,Pasig,,Insular Oil Corporation
67,Credentialing Specialist - Work From Home,Remote in Pasig,,Vericle
68,SALES & MARKETING ASSOCIATE (Free Travel + Uncapped Incentiv...,Pasig,,Fundpro Marketing International Inc.
69,Client Account Assistant Manager - Work From Home,Remote in Pasig,,Vericle
70,Vendor Service Representative,Pasig,,RealPage
71,Amazon Customer Service Representative,Remote in Pasig,,Multiplymii
72,CSR - NON VOICE,Pasig,,Datamatics
73,Travel Agent,Pasig,,Datamatics
74,Reservation and Ticketing Agent,Pasig,,Datamatics
75,Chat Support Representative,Pasig,,Datamatics
76,CCTV Operator| START ASAP!!!,Pasig,,Stealth Monitoring
77,Inside Sales Representative,Pasig,,Datamatics
78,Outbound Sales Agent,Pasig,,Datamatics
79,Outbound Sales Representative,Pasig,,Datamatics
80,Customer Service Representative - Data Verification Agent,Pasig,,Datamatics
81,Telesales Representative,Pasig,,Datamatics
82,IT Technical Support,Pasig,,"Strategic Networks, Inc."
83,Sales Executive,Pasig,,BPI-Philam Life Assurance Corporation
84,Production Helper,Pasig,,World Class Laminate Inc.
85,Encoder,Pasig,,Impact Training and Consultancy
86,Broadcast Monitor/Media Writers,Remote in Pasig,,Isentia - Talent International (RPO)
87,Administrative Specialist,Pasig,,Transec BPO Solutions
88,Recruitment Specialist (Davao - Replacement),Pasig,,PwC
89,Design Team Lead,Pasig,,Transec BPO Solutions
90,Group Brand Manager,Pasig,,Monde Nissin Corporation
91,"SAP CRM, Application Consultant",Pasig,,Grundfos Holding A/S
92,HR Business Partner,Pasig,,Coins.ph
93,IT Head,Pasig,,John Clements
94,DATA ENCODER (Project Based),Pasig,,CHIC CENTRE CORPORATION
95,Admin Assistant,Pasig,,JS Philippines Global Corporation
96,cctv specialist,Pasig,,Filpride Resources Inc.
97,Documentation Staff,Pasig,,Upsurge Unlimited Resources Inc.
98,CALL CENTER AGENT - WFH,Remote in Pasig,,Jobtask
99,office staff,Pasig,,Bright League Solution Inc. (BLSI)
100,Administrative Staff,Pasig,,Palmeira Lando OPC/Palmeira Home Health
101,E-Commerce Associate,Pasig,,Seiko Philippines
102,Desktop Support Technician,Remote in Pasig,,Outforce Inc.
103,Back Office Associate (Billing & Collection),Pasig,,EnablesGROUP
104,Email & Chat Support • Non-Voice,Pasig,,Transec BPO Solutions Inc.
105,Accounting Assistant,Remote in Pasig,"PHP 25,000 a month",Innerworks
106,Field Collector,Pasig,,"JK Capital Finance, Inc."
107,Family Driver,Pasig,"PHP 15,000 - PHP 16,000 a month",Crismer Inc.
108,Collector (Global account),Pasig,"PHP 18,000 - PHP 20,000 a month",Collection House
109,Recruitment Associate,Pasig,,IQVIA
110,Admin Officer,Pasig,,RMR Group of Companies
111,OJT Trainee - IT,Pasig,,Astoria Plaza Hotel
112,Sales Associate,Pasig,"PHP 16,000 - PHP 18,000 a month",UCC Coffee Philippines
113,Delivery Helper,Pasig,,Philippine Spring Water Resources Incorporated...
114,ACCOUNTING STAFF ( HEAD OFFICE-PASIG),Pasig,"PHP 16,000 - PHP 18,000 a month",UCC Coffee Philippines
115,Logistics Specialist,Pasig,"PHP 16,000 - PHP 20,000 a month",Filpride Resources Inc.
116,Warehouse Staff,Pasig,PHP 537 a day,Upsurge Unlimited Resources Inc.
117,Treasury Supervisor (Head Office -Pasig),Pasig,"PHP 24,000 - PHP 27,000 a month",UCC Coffee Philippines
118,#With or Without BPO Experience - CSRs for Easy Account | up...,Remote in Pasig,"PHP 20,000 - PHP 30,000 a month",Aspire Global Careers Philippines
119,Massive Hiring Customer Service Representative | start ASAP!...,Pasig,"PHP 23,000 - PHP 30,000 a month",Aspire Global Careers Philippines
120,Customer Service Representative | WFH Set-Up!,Remote in Pasig,"PHP 24,000 - PHP 26,000 a month",ClearSource
121,HR Assistant,Pasig,,YEARNINGS OUTSOURCING COOPERATIVE
122,AU NBN CSR | Up to 26K all in pay | Dayshift,Pasig,"PHP 24,000 - PHP 26,000 a month",Acquire BPO
123,Project Management Department Head - IT Department,Remote in Pasig,"PHP 60,000 - PHP 100,000 a month",Global Dominion Financing Incorporated
124,Recruitment Officer,Pasig,"PHP 20,000 - PHP 25,000 a month",Armorak Lending
125,Financial Assistant [Data Entry] | Ortigas,Pasig,"PHP 21,000 - PHP 23,000 a month",Acquire BPO
126,Email Support Representative,Pasig,"PHP 18,000 a month",EnablesGROUP
127,Recruitment Officer,Pasig,,Kim Kings Kitchen
128,Licensed Customs Broker,Pasig,"PHP 20,000 - PHP 30,000 a month",SOLIDFORMS CORPORATION
129,"Company Physician - Ortigas, Pasig",Pasig,"PHP 35,000 - PHP 40,000 a month",MedGrocer
130,FINISHING OPERATOR,Pasig,,MESCO INC
131,Junior IT Administrator,Remote in Pasig,"PHP 15,000 - PHP 20,000 a month",EACOMM Corporation
132,Customer Support (Freight Forwarding/Logistics) * With Signi...,Pasig,"PHP 25,500 a month",Offshore Business Processing Inc
133,Accounting & Billing Manager,Pasig,"PHP 30,000 - PHP 35,000 a month",Aglipay Security Group
134,Payroll Officer,Pasig,,"Visum Ventures, Inc."
135,PAYTV AUSTRALIAN ACCOUNT|DAYSHIFT|NOEXPERIENCE NEEDED/BEGINN...,Pasig,,"Stark Asia Solutions, Inc"
136,Delivery Driver,Pasig,,Philippine Spring Water Resources Incorporated...
137,Benefits Specialist,Remote in Pasig,,PwC Acceleration Center Manila
138,Payroll Specialist,Remote in Pasig,,PwC Acceleration Center Manila
139,Back Office Associate (Merchant Support),Pasig,,EnablesGROUP
140,NBN Telco TSR Level 2 - Dayshift,Remote in Pasig,,Acquire BPO
141,Project Manager,Temporarily Remote in Pasig,,"Frost Design & Consulting Group, Inc."
142,CUSTOMER SUPPORT,Pasig,,CLUBHOTEL PHILIPPINES INC.
143,Front Desk Receptionist,Pasig,,Peak Horizon Ventures
144,Field Legal Staff,Pasig,,"JK Capital Finance, Inc."
145,Bookkeeper,Pasig,,CHEF'S SECRET
146,Call Center Representative,Pasig,,TaskUs
147,Provider Relations Officer,Pasig,,"Medicare Plus, Inc."
148,Audit Staff,Pasig,,JC Premiere Business International Inc.
149,Account Coordinator,Pasig,,Center for Health Services Incorporated
150,Online Sales Specialist,Pasig,,JS Philippines Global Corporation
151,Executive Assistant,Pasig,,Accurate Health Medical Corp
152,IT COORDINATOR,Pasig,,CLUBHOTEL PHILIPPINES INC.
153,Business Loans Officer,Pasig,,Agrifund AP Finance Corp.
154,Team Leader SG Campaign (w/signing Bonus),Pasig,,EnablesGROUP
155,HR Associate- Recruitment,Pasig,,"Cocogen Insurance, Inc."
156,Customer Service Representative,Pasig,,Datamatics
157,Purchasing Assistant,Pasig,,UNISON COMPUTER SYSTEMS INC
158,Human Resources Associate (Compensation & Benefits),Temporarily Remote in Pasig,,Growsari Inc.
159,Technical Support Representative for FRESHERS with 10K Signi...,Pasig,,Crossfuze Pacific Corporation (Trec Pacific)
160,ACCOUNTING AND FINANCE HEAD,Pasig,,Acasys Group
161,Accounting Analyst,Pasig,,ExCCELL Workforce Solutions Corp.
162,MOTORIZED MESSENGER,Pasig,,"Neat Engagements Company, Inc."
163,Operations Training Supervisor,Pasig,,Kim Kings Kitchen
164,Relationship Manager,Pasig,,Tech1 Corporation
165,Operations Training Supervisor,Pasig,,Victoria Court
166,Sales Support (Rates/Quotation)| Logistics/Freight Forwardin...,Pasig,"PHP 25,500 a month",Offshore Business Processing Inc
167,HR Specialist,Pasig,,Advanced Competencydev Center Inc.
168,Collections Agent (International Account),Pasig,"PHP 18,000 - PHP 20,000 a month",Collection House
169,HR Employee Relation (Can Start ASAP),Pasig,"PHP 20,000 a month",Eastern Blends Food Corp
170,Field Technician,Pasig,,Market Place Christian Church Transport and Multi-...
171,Treasury Assistant,Pasig,,"JK Capital Finance, Inc."
172,Recruitment Officer,Pasig,"PHP 17,000 - PHP 20,000 a month",Victoria Court
173,Pricing and Procurement Support (Freight Forwarding) | 25K,Pasig,"PHP 25,500 a month",Offshore Business Processing Inc
174,Assist. Product Manager,Pasig,,UNISON COMPUTER SYSTEMS INC
175,HR Assistant,Pasig,,CMG Retail Goup
176,Draw Admin Support (Real Estate/Construction) | Up to 30K +...,Pasig,"PHP 25,000 - PHP 30,000 a month",Offshore Business Processing Inc
177,Customer Service Representative for DAYSHIFT ACCOUNT w/ 10K...,Pasig,"PHP 16,000 - PHP 22,000 a month",Crossfuze Pacific Corporation (Trec Pacific)
178,Customer Service Representative- Voice,Pasig,"PHP 22,500 a month",Datamatics
179,Hub Supervisor,Remote in Pasig,,Etaily
180,HR Assistant (Generalist),Pasig,,Panpisco Technologies Inc
181,Human Resource Staff,Pasig,,SCCI Management & Insurance Agency Corp.
182,Marketing Assistant,Pasig,,"Geodata Solutions, Inc."
183,Workforce Supervisor,Pasig,,Nearsol Philippines Incorporation
184,HR Training Specialist,Pasig,"PHP 20,000 a month",Supcart Trading Corporation
185,CSR Travel (Tiers 1&2) Account | Pasig | Work on Site,Pasig,"PHP 30,700 - PHP 40,000 a month",Teleperformance
186,BACK OFFICE TECHNICAL SUPPORT | 100% NON-VOICE,Pasig,,Transec BPO Solutions Inc.
187,"Tax Accountants - (Up to 90,500K) | *with Signing Bonus",Pasig,"PHP 60,500 - PHP 90,500 a month",Offshore Business Processing Inc
188,Customer Service Representative | Pasig | Work on Site,Pasig,"PHP 16,000 a month",Teleperformance
189,DELIVERY DRIVER,Pasig,PHP 650 - PHP 700 a day,AGRICYN ENTERPRISE
190,Customer Service Representative (CSR),Pasig,"PHP 29,000 - PHP 33,000 a month",Ai-Link BPO
191,Customer Service Representative (CSR),Temporarily Remote in Pasig,"PHP 25,000 a month",E/C
192,Outbound B2B Telemarketer - Work From Home,Remote in Pasig,"PHP 35,000 - PHP 60,000 a month",Inform Group
193,Radiologic Technologist,Pasig,,Marikina Doctors Hospital and Medical Center
194,Legal Assistant,Remote in Pasig,,Armorak Lending Corp.
195,Finance Officer,Pasig,,CMTLand Develoment Corporation
196,Accounting Staff,Pasig,,PHARMASTAR INT'L TRADING CORP
197,Accounting Staff,Pasig,,C-FORCE OUTSOURCING
198,Gardener,Pasig,,"GAIC Manpower Services Inc.,"
199,Order Management Specialist,Pasig,,Logistikus
200,Field Collection Specialist,Pasig,,Agrifund Finance
201,B2B Lead Development Representative - Work From Home,Remote in Pasig,,Inform Group
202,Junior IT Project Manager (Work-from-home),Temporarily Remote in Pasig,,Curo Teknika (ePLDT)
203,Accountant (Fresh Graduates),Pasig,,"SMITS, Inc. - IT Company of San Miguel Corporation"
204,Internship - Information Technology course,Pasig,,Victoria Court
205,Human Resource Manager,Pasig,,Nextrade Philippines
206,"Accounts Payable/Receivable Specialists - (Up to 21,500K)",Pasig,,Offshore Business Processing Inc
207,ACCOUNTING ASSOCIATE - INVENTORY,Pasig,,AGRICYN ENTERPRISE
208,Training Executive | Skills Development & Customer Relations,Pasig,,GNC Live well - Total Nutrition Corporation
209,B2B Sales Agent | Weekends off | Uncapped commissions,Pasig,,Acquire BPO
210,Income Associate (Ortigas),Pasig,,The Medical City Clinic
211,Product Sales Representative,Pasig,,UNISON COMPUTER SYSTEMS INC
212,Internship - Marketing course,Pasig,,Victoria Court
213,Brand Marketing Ambassador,Pasig,,Philweb
214,SAP Business One Specialist,Pasig,,Readycon Trading & Construction Corporation
215,Brand Activation Specialist,Pasig,,Team OnGround
216,Accounting Assistant,Remote in Pasig,,Amplify Inc.
217,Bookkeeper / Accounting Staff (Open for Fresh Grads),Pasig,,Nclub Inc.
218,Canvasser,Pasig,,UNISON COMPUTER SYSTEMS INC
219,IT PROJECT HEAD,Pasig,,Filstar Distributors Corporation
220,Customer Service Representative (CSR),Pasig,,Armorak Lending
221,Customer Service Representative,Pasig,,Ai-Link BPO
222,Accounting Assistant,Pasig,,"JK Capital Finance, Inc."
223,Work-from-Home Financial Advisor (Part time or Full time),Temporarily Remote in Pasig,,Prime Summit Life Insurance Agency
224,BPO Customer Service | Local Account & Dayshift | Open to Fr...,Pasig,,Transec BPO Solutions Inc.
225,Accounting Supervisor,Pasig,"PHP 30,000 a month",R.P. Alingog Development Corporation
226,Customer Service Representative (CSR),Pasig,"PHP 16,000 - PHP 21,000 a month",Philippine Outsourcers Career Center Inc.
227,Project Coordinator,Pasig,"PHP 40,000 - PHP 50,000 a month",Baldo Construction and Development Corporation
228,HR Generalist,Pasig,"PHP 16,000 - PHP 18,000 a month",First Maharlika Collection Management Inc.
229,Marketing & Corporate Communications Officer (Ortigas),Pasig,,The Medical City Clinic
230,Sales Agent [Online Ticket Marketplace] - Ortigas,Pasig,"PHP 20,000 - PHP 22,000 a month",Acquire BPO
231,OUTBOUND SALES ASSOCIATE,Pasig,"PHP 16,000 - PHP 20,000 a month",AGRICYN ENTERPRISE
232,SALES REPRESENTATIVE,Pasig,"PHP 15,000 - PHP 16,000 a month",AGRICYN ENTERPRISE
233,Cardiovascular Technologist,Pasig,,St. Camillus Medical Center
234,Technical Sales - System Integration,Pasig,,Circuit Solutions Incorporated
235,Admin Assistant/ Sales Representative,Pasig,"PHP 14,000 a month",First Vita Plus Marketing Corporation
236,HR Generalist,Pasig,,Filstar Distributors Corporation
237,Animal Nutritionist (FT),Pasig,,Addiction Foods NZ Ltd.
238,PVC PRESS OPERATOR,Pasig,,"Keydesign, Inc."
239,ACCOUNTING ASSOCIATE,Pasig,,ASIAN AEROSPACE CORPORATION
240,Customer Care Representative (On-site & Day Shift),Pasig,"PHP 30,000 - PHP 40,000 a month","Asia Select, Inc. (ASI)"
241,Product Specialist,Pasig,"PHP 11,814 - PHP 13,962 a month",Consult Asia Business Solutions & Advisory...
242,Internship - IT/ Computer Science/other computer courses,Pasig,,Victoria Court
243,Account Management Executive,Pasig,"PHP 18,000 a month",JoyRide Superapp
244,FIELD SALES ASSOCIATE (Free Travel + Uncapped Incentives) —...,Pasig,"PHP 15,000 - PHP 18,000 a month",Fundpro Marketing International Inc.
245,Internal Audit Supervisor,Pasig,,Marikina Doctors Hospital and Medical Center
246,Company Nurse,Pasig,"PHP 20,000 a month",Synlink
247,Sales Assistant Associate in Pasig City,Pasig,"PHP 13,500 - PHP 15,000 a month",PCI Car Hub Philippines
248,Internship - Accounting and Finance course,Pasig,,Victoria Court
249,Company Nurse,Pasig,,MSL OWSI
250,Accounting Assistant,Pasig,,Unistar Credit And Finance Corporation
251,Junior Accountant (US/CA experience) | Temp WFH | Night Shif...,Remote in Pasig,,EMAPTA
252,Accounting Staff,Pasig,"PHP 17,000 - PHP 19,000 a month",Mejore Contracts Services Inc.
253,DELIVERY DRIVER MECHANIC,Pasig,PHP 650 - PHP 700 a day,AGRICYN ENTERPRISE
254,ACCOUNTING STAFF-Ortigas,Pasig,"PHP 14,000 - PHP 17,000 a month",Floor Center Inc.
255,Marketing Officer,Pasig,"PHP 13,000 - PHP 16,000 a month",Consult Asia Business Solutions & Advisory...
256,Silver City - Hiring TIER ll l Work On-site,Pasig,"PHP 40,000 a month",NeksJob Philippines
257,Sales Consultant (FT),Pasig,,"Paris Miki Philippines, Inc."
258,Recruitment Intern (OJT) | Ortigas,Pasig,,Offshore Business Processing Inc
259,Accounting,Pasig,,Stellar 167 Manpower Recruitment and Services Inc.
260,Ecommerce Coordinator,Pasig,,Circa Logica Group
261,Telco Sales | Up to 25K all in pay | Ortigas,Pasig,"PHP 23,000 - PHP 25,000 a month",Acquire BPO
262,HR Assistant,Pasig,,LSERV Corporation
263,Sales Assistant Manager (Pumps & Valves),Pasig,"PHP 40,000 - PHP 50,000 a month",Monroe Consulting Group Philippines
264,Driver,Pasig,"PHP 11,814 - PHP 13,962 a month",Consult Asia Business Solutions & Advisory...
265,"Company Nurse (Ortigas, Pasig)",Pasig,,The Medical City Clinic
266,ACCOUNTING ASSISTANT - TAX,Pasig,"PHP 16,000 - PHP 18,000 a month",Sobida Motors Corporation
267,Optometrist (FT),Pasig,,"Paris Miki Philippines, Inc."
268,ACCOUNTING & FINANCE ASSOCIATE,Pasig,"PHP 18,000 - PHP 20,000 a month",Recruitment Center Philippines Inc.
269,"Intern, Human Resources",Remote in Pasig,,Power Integrations
270,Compensation Specialist,Pasig,,SAP
271,Talent Care Advisor (RPO),Pasig,,IBM
272,Executive Assistant,Pasig,,TaskUS
273,Liason Officer,Pasig,,TAPA KING INC
274,Operations Associate (Toktok),Pasig,,Cloud Panda PH Inc.
275,Security,Pasig,,Astoria Plaza Hotel
276,IT Associate,Pasig,,"BeepXtra Philippines, Inc"
277,Operations Manager - Business Loans,Pasig,,Agrifund AP Finance Corp.
278,Sales Clerk (SM Pasig),Pasig,,"Ace Hardware Philippines, Inc."
279,Marketing Associate- Medical Device Company,Pasig,,Bershaw Consultancy
280,Collection Manager,Pasig,,Agrifund AP Finance Corp.
281,Business Development Officer- Medical Equipment Company,Pasig,,Bershaw Consultancy
282,Property Accountant - Pasig City,Pasig,,SOSA JB PROPERTY MANAGEMENT CORP
283,Customer Service Representative (CSR),Pasig,,Cloud Panda PH Inc.
284,Property Accountant,Pasig,,SosaJB Property Management Corp.
285,Marketing Officer (Toktok),Pasig,"PHP 20,000 a month",Cloud Panda PH Inc.
286,Group Brand Manager- Medical Device Company,Pasig,"PHP 40,000 - PHP 45,000 a month",Bershaw Consultancy
287,HR Analyst- (Payroll and Benefits)- Medical Device Company,Pasig,"PHP 25,000 - PHP 28,000 a month",Bershaw Consultancy
288,Company Driver,Pasig,,Encarnacion Builders Corporation
289,Purchasing Staff - Toktokwallet,Pasig,,Cloud Panda PH Inc.
290,Business Development Associate (Toktok),Pasig,"PHP 17,000 a month",Cloud Panda PH Inc.
291,BRAND AMBASSADOR (Free Travel + Uncapped Incentives) — ASAP,Pasig,"PHP 15,000 - PHP 18,000 a month",Fundpro Marketing International Inc.
292,Regional Sales Manager-Manila- Medical Device Company,Pasig,"PHP 25,000 - PHP 30,000 a month",Bershaw Consultancy
293,Customer Service Advisor- Ortigas (SM Megamall and Shaw),Pasig,,"Outsource Manpower Solutions, Inc."
294,Customer Service Representative (CSR-Voice),Pasig,"PHP 20,000 a month",Ascent Pro (Professional Recruitment Outsourcing)
295,Internal Auditor,Pasig,,Stellar 167 Manpower Recruitment and Services Inc.
296,Accounting Staff,Pasig,,Stellar 167 Manpower Recruitment and Services Inc.
297,Real Estate Operations Coordinator [100% WFH],Remote in Pasig,,Bold Business
298,Legal Administrative Officer,Pasig,,Robinsons Land
299,Operations Coordinator [100% remote],Remote in Pasig,,Bold Business
300,Human Resource Intern,Remote in Pasig,,Coins.ph
301,Distributor Manager for Consumer Products Division,Pasig,,L'Oreal
302,Medical Transcriptionist,Pasig,,Palmeira Lando OPC/Palmeira Home Health
303,Admin Clerk,Pasig,,Empire East Land Holdings Inc.
304,Treasury Assistant - PASIG,Pasig,,Landers Superstore
305,Stock Clerk - Pasig,Pasig,,Landers Superstore
306,Pastry Chef,Pasig,,Harlan+Holden
307,Urgent Hiring! Reports Analyst l US Hours l Up to PHP35K #BR...,Pasig,,Outsource Accelerator
308,Administrative Assistant,Pasig,,Haishen Wang International Corporation
309,Urgent Hiring! Accountant l US Hours l Non-CPA Accepted! #BR...,Pasig,,Outsource Accelerator
310,100% VIRTUAL PROCESS | CSR FINANCIAL | START ASAP #LPGL,Remote in Pasig,,Outsource Accelerator
311,RETAIL STORE SPECIALIST,Pasig,,GREAT DEPOT INC
312,HR Assistant - Recruitment (Pasig),Pasig,,Landers Superstore
313,BRP Service Advisor - MG Motors Libis,Pasig,,"Grand Canyon Multi Holdings/Grandcars, Inc."
314,ECommerce Officer,Pasig,,Supcart Trading Corporation
315,Human Resource Intern,Remote in Pasig,,Coins.ph
316,Distributor Manager for Consumer Products Division,Pasig,,L'Oreal
317,Medical Transcriptionist,Pasig,"PHP 25,000 a month",Palmeira Lando OPC/Palmeira Home Health
318,Admin Clerk,Pasig,,Empire East Land Holdings Inc.
319,Treasury Assistant - PASIG,Pasig,,Landers Superstore
320,Stock Clerk - Pasig,Pasig,,Landers Superstore
321,Pastry Chef,Pasig,"PHP 20,000 - PHP 30,000 a month",Harlan+Holden
322,Urgent Hiring! Reports Analyst l US Hours l Up to PHP35K #BR...,Pasig,"PHP 35,000 - PHP 38,000 a month",Outsource Accelerator
323,Administrative Assistant,Pasig,"PHP 15,000 a month",Haishen Wang International Corporation
324,Urgent Hiring! Accountant l US Hours l Non-CPA Accepted! #BR...,Pasig,"PHP 40,000 - PHP 55,000 a month",Outsource Accelerator
325,100% VIRTUAL PROCESS | CSR FINANCIAL | START ASAP #LPGL,Remote in Pasig,"PHP 28,000 - PHP 30,000 a month",Outsource Accelerator
326,RETAIL STORE SPECIALIST,Pasig,"PHP 20,000 - PHP 20,001 a month",GREAT DEPOT INC
327,HR Assistant - Recruitment (Pasig),Pasig,,Landers Superstore
328,BRP Service Advisor - MG Motors Libis,Pasig,"PHP 12,000 - PHP 14,000 a month","Grand Canyon Multi Holdings/Grandcars, Inc."
329,ECommerce Officer,Pasig,"PHP 17,000 a month",Supcart Trading Corporation
330,Assistant Manager - Recruitment (Lead),Pasig,,"Management and Executive Network, Inc."
331,Back Office Support | Non-Voice,Pasig,,Transec BPO Solutions Inc.
332,Urgent! BPO Customer Service Agent! On site | Ortigas #LPGL,Pasig,,Outsource Accelerator
333,Marketing Officer,Pasig,,Supcart Trading Corporation
334,Sales Manager,Pasig,,"BeepXtra Philippines, Inc"
335,Customer Service | Technical Support | 100% Non-Voice,Pasig,,Transec BPO Solutions Inc.
336,HIRING COLLECTIONS SPECIALIST - UP TO 29K |100% VIRTUAL PROC...,Remote in Pasig,,Outsource Accelerator
337,Truck Driver - Pasig,Pasig,,Landers Superstore
338,GAS STATION CLERK (PUMP ATTENDANT),Pasig,,Landers Superstore
339,Urgent Hiring Sales Development Representative #WMED,Pasig,,Outsource Accelerator
340,Urgent! Collections Specialist [Up to PHP29K] #MRIO,Pasig,,Outsource Accelerator
341,Cashier/Accounts Payable - MG Motors Libis,Pasig,,"Grand Canyon Multi Holdings/Grandcars, Inc."
342,HR Officer,Pasig,,Aguila Auto Glass
343,Accounting Staff,Pasig,,INTEGRATED BAR OF THE PHILIPPINES
344,Customer Technical Support | 100% Non-Voice,Pasig,,Transec BPO Solutions Inc.
345,Membership Sales Associate (Field) - Pasig,Pasig,,Landers Superstore
346,Sales Promodiser,Pasig,,HANS INFINITE TOOLS
347,Telemarketer,Pasig,,UNISON COMPUTER SYSTEMS INC
348,Data Management Specialist l BPO Ortigas l PH24K #MRIO,Pasig,,Outsource Accelerator
349,Accounting Assistant,Pasig,,Empire East Land Holdings Inc.
350,Social Media Manager (Up to P55k salary),Pasig,,Creedon Technologies
351,BPO Team Leader [Onsite- Ortigas] #LPGL,Pasig,,Outsource Accelerator
352,Company Nurse,Pasig,,MyHealthyWay Clinic and Laboratory
353,Customer Support for BPO | Local Account & Dayshift,Pasig,,Transec BPO Solutions Inc.
354,Customer Service Rep • Open to Fresh Graduates • Local Accou...,Pasig,,Transec BPO Solutions Inc.
355,Sales Associate,Pasig,,RAD Innovations Inc.
356,Urgent Hiring l Bookkeeper! QuickBooks Experience Required #...,Pasig,,Outsource Accelerator
357,ACCOUNTANT,Pasig,,PSWI
358,Technician - MG Motors Libis,Pasig,,"Grand Canyon Multi Holdings/Grandcars, Inc."
359,NCR (MBE-C) Officer in charge,Pasig,,"BeepXtra Philippines, Inc"
360,Team Lead for BPO | Local Account & Dayshift,Pasig,,Transec BPO Solutions Inc.
361,Customer Service Representative | Local Account | Open to Fr...,Pasig,,Transec BPO Solutions Inc.
362,Treasury Staff,Pasig,,PSWI
363,Telesales Manager (Hybrid work set-up),Hybrid remote in Pasig,,Aspiree Inc.
364,Company Driver,Pasig,,LSERV Corporation
365,Business Intelligence Analyst,Remote in Pasig,,ClearSource
366,IMMEDIATE HIRING ACCOUNTING ASSISTANT MANAGER,Pasig,"PHP 25,000 - PHP 30,000 a month",RELISH GROUP
367,Accountant (US Client) l Quickbooks Experienced l Ortigas #M...,Pasig,"PHP 40,000 - PHP 50,000 a month",Outsource Accelerator
368,Junior Accountant (Pasig: Up to 30K!! URGENT!!) JPH8,Pasig,"PHP 25,000 - PHP 30,000 a month",SAGASS Consulting
369,Accounting Specialist (CPA),Pasig,,ClearSource
370,AWS Professional | Amazon Connect Expert,Pasig,,ClearSource
371,Accounting Supervisor - CPA,Pasig,,ClearSource
372,General Ledger Accountant - CPA,Pasig,,ClearSource
373,Administrative Assistant III,Pasig,,National Economic and Development Authority
374,Management Trainee,Pasig,,Robinsons Land
375,Specialist Procurement 1,Pasig,,Sitel
376,Service Desk Representative,Pasig,,"Insight Enterprises, Inc."
377,Group Professional Products Division Controller,Pasig,,L'Oreal
378,Editor (Testing),Pasig,,Nielsen
379,Group Customer Development Manager,Pasig,,L'Oreal
380,Social Media Specialist,Remote in Pasig,,KDCI PH
381,Loans Operations Head,Pasig,,Robert Walters
382,Email Marketing Specialist,Remote in Pasig,,StraightArrow Corporation
383,"Receptionist - Ortigas, Pasig City",Pasig,,CBRE
384,Quality Assurance Associate,Pasig,,JT Express
385,Sourcing Specialist,Remote in Pasig,,Coins.ph
386,Sales Analyst (EMEA work shift),Pasig,,S&P Global
387,Sales Analyst (EMEA work shift),Pasig,,S&P Global Market Intelligence
388,Information Security Assessor,Pasig,,TaskUS
389,Tech/Systems Support Analyst,Pasig,,IQVIA
390,AC Manila- Deals Data Analytics Analyst,Pasig,,PwC
391,Finance Associate,Pasig,,JT Express
392,Research Associate I - Korean Language,Pasig,,S&P Global
393,Technical Support Representative I / II (Service Desk),Pasig,,FIS
394,"FINANCE ANALYST, FP&A (PROJECT BASED )",Pasig,,KMC Solutions
395,Enterprise Security Assessor Lead (Manager),Pasig,,TaskUS
396,Audit Director (Banking and/ or Retail),Pasig,,John Clements
397,Deputy Financial Controller,Pasig,,Robert Walters
398,Economic Development Specialist II,Pasig,,National Economic and Development Authority
399,AutoCAD Operator,Pasig,"PHP 20,000 - PHP 25,000 a month",JINGE TRADING &DEVELOPMENT Inc.
400,Verification Specialist,Pasig,"PHP 30,000 - PHP 38,000 a month",Boldr
401,Customer Service Representative -WFH,Remote in Pasig,"PHP 25,000 - PHP 30,000 a month",Jobtask
402,Billing Specialist,Remote in Pasig,"PHP 30,000 - PHP 35,000 a month",Outforce Inc.
403,Legal - Data Entry Specialist | Up to 19k,Pasig,"PHP 15,500 - PHP 19,500 a month",Offshore Business Processing Inc
404,Service Crew,Pasig,,JTC Group of Companies
405,Technical Support Representative | Work from home + Work equ...,Remote in Pasig,"PHP 25,000 - PHP 35,000 a month",J-K Network SERVICES
406,Credit Processing Staff,Pasig,"PHP 11,800 - PHP 19,000 a month",Acom Consumer Finance Corporation
407,EMAIL & BACK OFFICE SUPPORT | 100% NON-VOICE,Pasig,,Transec BPO Solutions Inc.
408,Collections Representative (global account),Pasig,"PHP 18,000 - PHP 22,000 a month",Collection House
409,Call Center Agent - Work in Pasig - Work From Home Available...,Remote in Pasig,"PHP 15,000 - PHP 23,000 a month",Global HSI
410,Bellman / Driver,Pasig,,Astoria Plaza Hotel
411,Medical Coder - Hybrid Setup,Remote in Pasig,"PHP 60,000 a month",Ingenious Solutions Inc.
412,Administrative Specialist,Pasig,"PHP 18,000 - PHP 22,000 a month",STARKEN Philippines Incorporated
413,Marketing Officer,Pasig,"PHP 40,000 a month",KFC Philippines
414,Collection Specialist (global account),Pasig,"PHP 18,000 - PHP 22,000 a month",Collection House
415,Payment & Accounts Officer,Remote in Pasig,"PHP 30,000 - PHP 40,000 a month",Outforce Inc.
416,Medical Transcriptionist - Flexible Work Arrangements,Pasig,"PHP 15,000 - PHP 20,000 a month",Prescribe Digital
417,Clinic Assistant,Pasig,,Zen Dental Spa
418,"Local Account Agent - Ortigas, Pasig City",Pasig,"PHP 17,000 - PHP 24,000 a month",Headstart
419,Stock Assistant,Pasig,"PHP 15,000 a month",WORLD OF FUN
420,Medical Transcriptionists - Flexible Work Arrangements,Pasig,,Prescribe Limited Corp
421,ADMIN ASSISTANT,Pasig,,WOK ALLEY
422,Reports Analyst (BPO exp) | Up to 28K with Signing Bonus*,Pasig,,Offshore Business Processing Inc
423,Front Office Associate,Pasig,,Astoria Plaza Hotel
424,Legal Assistant,Pasig,,Armorak Lending
425,Jr. Accountant,Pasig,,Focus Support Associates Inc
426,Merchandiser,Pasig,,CHAMCO INCORPORATED
427,NON VOICE: CHAT & EMAIL TECHNICAL SUPPORT,Pasig,,Transec BPO Solutions Inc.
428,AUDIT MANAGER,Pasig,,SUN GROUP OF COMPANIES
429,Marketing Officer,Pasig,,Ascent Development Construction Inc
430,CSR Email Support,Pasig,,iStaff Solutions Inc.
431,Food Service Clerk (Pasig),Pasig,,Landers Superstore
432,HR Manager,Pasig,,"KC Global Talent Solutions, Inc."
433,CAD Operator,Pasig,,"Weavenet Int'l Inc.,"
434,Gaming Assistant for Pasig Area,Pasig,,I-Cyberworld Biz Inc.
435,Field Attendant,Pasig,,G1 Video Games Rental Inc
436,IT Documentation Staff,Pasig,,"Geodata Solutions, Inc."
437,Admin Staff,Pasig,,Lewis Glanz Consulting
438,Video Editor (Permanent WFH),Remote in Pasig,,Deployed Philippines Inc
439,Finance Staff,Pasig,,CXING INC.
440,Human Resources Assistant,Pasig,,Philippine Blue Cross Biotech Corporation
441,Massive Hiring| No Bpo experience Required| Easy accounts,Pasig,,Sapient Global Services
442,Kitchen Helper,Pasig,,HWAY TRANZ TRADING CORP.
443,Computer Assistant,Pasig,,PCI Car Hub Philippines
444,Social Media Assistant,Pasig,,Impact Training and Consultancy
445,Marketing Assistant,Pasig,,Kitchen SuperCenter
446,HR Recruitment Associate l Open to Fresh Graduates,Pasig,,Transec BPO Solutions Inc.
447,Installer (wallpapers/stickers/signages),Pasig,,RBT Consulting Corporation
448,Purchaser,Pasig,,"Cleanfuel Autogas Inc.,"
449,Accounts Receivable Officer | STH,Remote in Pasig,,Yempo Solutions
450,Training Specialist,Remote in Pasig,,ClearSource
451,ACCOUNTING SUPERVISOR (MANILA),Temporarily Remote in Pasig,,"Infinnum, Inc."
452,Admin Staff (Business Development & Technical),Pasig,,JC Worldwide Franchise Inc.
453,Data Encoder - Import/Export Documentation/Frieght forwardin...,Pasig,,Offshore Business Processing Inc
454,AWS - Amazon Connect Telephony Lead,Temporarily Remote in Pasig,,ClearSource
455,Credit and Collection Staff,Pasig,,IMARFLEX BATTERY MANUFACTURING CORP.
456,Inventory Custodian,Pasig,,AVID SALES CORPORATION
457,Accounts Payable Officer | STH,Remote in Pasig,,Yempo Solutions
458,Operations Specialist,Pasig,,JC Worldwide Franchise Inc.
459,Business Development Manager,Pasig,,GO ASIA ENTERTAINMENT
460,Purchasing Assistant Trainee,Pasig,,CRYSTAL STEEL FABRICATORS PHILS
461,MAINTENANCE PERSONNEL,Pasig,,Cha Tuk Chak PH
462,Labor Relations Supervisor,Remote in Pasig,,Brenton International Venture Mfg. Corp
463,CSR Customer Service Rep - Ortigas - WFH - Entry Level - HS...,Remote in Pasig,,GHS Specialist
464,MEDICAL CODERS - Certified Coders from AAPC or AHIMA,Remote in Pasig,,MiraMed Philippines
465,HR Manager,Pasig,"PHP 30,000 - PHP 50,000 a month",GO ASIA ENTERTAINMENT
466,Account Executive,Pasig,"PHP 22,000 - PHP 23,000 a month",BC PACKAGING CORPORATION
467,Salon Manager,Pasig,"PHP 17,000 - PHP 18,000 a month",Toni&Guy salon
468,Desktop Support Staff,Pasig,,"Phil-Data Business Systems, Inc."
469,HR Assistant,Pasig,,PSWI
470,Micro Lab Technician,Pasig,,Morning Star Milling Corporation
471,Sales Admin Assistant,Pasig,"PHP 13,962 - PHP 15,000 a month",ONE POINT CONTACT INC.
472,Clinic Sales Receptionist for Estancia Mall,Pasig,,SkinStation
473,System Administrator/Programer,Pasig,,"EuroAsia Pharmaceuticals, Inc."
474,Marketing Officer,Pasig,"PHP 14,000 - PHP 20,000 a month",Apollo Lightings
475,Recruitment Assistant (Project Hire),Pasig,,"San Miguel Integrated Logistics Services, Inc."
476,Data Analyst,Pasig,,Enshored
477,Marketing Assistant,Pasig,"PHP 14,000 - PHP 16,000 a month",Anytime Cleaners
478,HR Assistant,Pasig,,Silicon Valley Computer Group Phils. Inc.
479,HR Staff,Pasig,,Silicon Valley Computer Group Phils. Inc.
480,Marketing Assistant,Pasig,,Quadlink Global Corporation
481,Trainer,Pasig,,"CORE HR Business Solutions, Inc."
482,Executive Assistant to the General Manager,Pasig,"PHP 18,000 - PHP 20,000 a month",Armorak Lending
483,"Recruitment Coordinator [Onsite, Ortigas]",Pasig,"PHP 25,000 - PHP 45,000 a month",Outsource Accelerator
484,Procurement Associate - Head Office-based,Pasig,,Robinsons Hotels and Resorts
485,Marketing Assistant,Pasig,,"Phil ExeQsearch Solutions, Inc."
486,"COMMUNITY MANAGER (Pasig, City)",Remote in Pasig,,Cha Tuk Chak PH
487,Customer Care Rep,Pasig,,Alta Resources
488,Compliance and Audit Analyst,Remote in Pasig,"PHP 20,000 - PHP 22,000 a month","TSI - Transworld System, Inc"
489,Purchasing Specialist - Urgent,Pasig,"PHP 25,000 - PHP 28,000 a month",Link Energie Industries Company Inc.
490,HR Assistant - Compensation and Benefits,Pasig,,Galeo Equipment Corporation
491,Operations Data Analyst,Remote in Pasig,"PHP 16,000 - PHP 18,000 a month",RGMC Group of Companies
492,Marketing Assistant,Pasig,"PHP 17,900 a month",EnablesGROUP
493,Quality Assurance Specialist_0056 | Pasig,Pasig,"PHP 25,000 - PHP 27,000 a month",Intelegencia BPO LLC Corp.
494,Social Media Specialist,Temporarily Remote in Pasig,,Custom8 BPO Corporation
495,Jr. Database Administrator,Remote in Pasig,"PHP 18,000 - PHP 25,000 a month",DBQuest Inc.
496,Invoicing Clerk,Pasig,"PHP 13,000 - PHP 14,000 a month","Westpoint Industrial Sales Co., Inc"
497,Corporate Recruiter,Remote in Pasig,,Nearsol Philippines Incorporation
498,Marketing Specialist,Pasig,"PHP 25,000 - PHP 30,000 a month",Whiteplane Inc. (Dyson)
499,Finance Analyst,Pasig,,"San Miguel Integrated Logistics Services, Inc."
500,IT Support Staff,Pasig,,"Phil-Data Business Systems, Inc."
501,TEAM MEMBER (KENNY ROGERS ROASTERS 30TH AYALA PASIG),Pasig,"PHP 14,000 - PHP 14,007 a month",Kenny Rogers Roasters
502,Digital Marketing Specialist,Pasig,"PHP 35,000 - PHP 45,000 a month",TalentumPH
503,JUNIOR ACCOUNT MANAGER – BUSINESS PROCESS (MANILA),Temporarily Remote in Pasig,"PHP 35,000 - PHP 40,000 a month","Infinnum, Inc."
504,Customer Service Representative (CSR) | DAYSHIFT | Up to 27K...,Pasig,"PHP 20,000 - PHP 27,000 a month",Aspire Global Careers Philippines
505,Recruitment Assistant,Pasig,,20ten Holdings Incorporated
506,IT Staff,Pasig,,"Phil-Data Business Systems, Inc."
507,Mobile Quality Assurance Tester,Remote in Pasig,"PHP 60,000 - PHP 70,000 a month",Cloudstaff Philippines
508,Recruitment Assistant/ Marketing Assistant,Remote in Pasig,"PHP 12,000 - PHP 15,000 a month",IT Managers Inc
509,Airline Customer Service,Pasig,"PHP 34,000 a month",Talent Guider
510,Meat Production Staff,Pasig,,"Infinity Strategic Management Solutions, Inc."
511,Accounting Assistant,Pasig,,Astoria Plaza Hotel
512,Massive Hiring Call Center Agents | to start ASAP! |Up to 25...,Pasig,,Aspire Global Careers Philippines
513,KYC Manager,Pasig,,Streetcorner Lending Corp. (Akulaku Ph)
514,HR Officer,Pasig,,BlackCoders Group Incorporated
515,Accountant,Pasig,,Elevated Food Recipe Inc.
516,MANAGEMENT ACCOUNTING SUPERVISOR (MANILA),Temporarily Remote in Pasig,,"Infinnum, Inc."
517,"COMPANY DRIVER (De Castro, Pasig)",Pasig,,Cha Tuk Chak PH
518,Collection Assistant,Pasig,,TOPSEARCH MANPOWER
519,Clinic Facialist for Pasig Area,Pasig,,SkinStation
520,Recruiter,Pasig,,20ten Holdings Incorporated
521,HR Business Partner - Employee Relations (BPO) | Temp wfh,Remote in Pasig,,Stark Asia Solutions
522,HR Coordinator,Pasig,,WOK ALLEY
523,WFH or Work from Site | START ASAP! | Office Based English T...,Remote in Pasig,,On Demand Careers
524,Clinic Manager for SM City East Ortigas,Pasig,,SkinStation
525,Training Specialist,Pasig,"PHP 14,000 - PHP 16,000 a month",JC Worldwide Franchise Inc.
526,IT SUPPORT SPECIALIST | IN-HOUSE,Pasig,,Transec BPO Solutions Inc.
527,Purchasing Supervisor,Pasig,,"Visum Ventures, Inc."
528,Telemarketing Agent,Pasig,"PHP 18,000 - PHP 20,000 a month",HR-ENP Management Solution and Consultancy Inc.
529,Telesales Representative,Pasig,"PHP 14,000 - PHP 16,000 a month",Anytime Cleaners
530,Pastry Baker,Pasig,PHP 537 a day,Kitchen Care Consultancy Phils. Inc.
531,Certified Public Accountant,Pasig,"PHP 17,638 - PHP 53,524 a month",RQ OLAYA ACCOUNTING AND CONSULTANCY SERVICES
532,HR Staff (Recruitment),Temporarily Remote in Pasig,,APEC Homes
533,Sales Coordinator positions,Pasig,"PHP 13,000 - PHP 16,000 a month",PCI Car Hub Philippines
534,BPO Customer Support | Local Account & Dayshift | Open to Fr...,Pasig,,Transec BPO Solutions Inc.
535,Office Staff - Kapitolyo Pasig,Pasig,"PHP 14,000 a month","Infinity Strategic Management Solutions, Inc."
536,CSR | LOCAL ACCOUNT | OPEN TO FRESH GRADUATES,Pasig,,Transec BPO Solutions Inc.
537,Project Manager,Pasig,,Hunter's Hub Inc.
538,Finance Officer,Pasig,,ActivAsia Inc.
539,Customer Service Representative (CSR),Pasig,"PHP 20,000 - PHP 30,000 a month",GDV Business Services Co.
540,Compensation and Benefits Manager,Pasig,,"RM Consultancy Services, Inc."
541,"COOK (De Castro, Pasig)",Pasig,,Cha Tuk Chak PH
542,Technical Specialist,Pasig,,JC Worldwide Franchise Inc.
543,Guest Services Associate,Pasig,,Astoria Plaza Hotel
544,Digital Marketing Manager,Pasig,,GO ASIA ENTERTAINMENT
545,Business Process Analyst,Pasig,,Streetcorner Lending Corp. (Akulaku Ph)
546,Accounting Assistant (BIR),Pasig,,BARC Business and Management Inc.
547,Architect,Pasig,,Eagle Star Industrial Sales Corporation
548,Project Manager (Database Administrator),Remote in Pasig,,DBQuest Inc.
549,General Accountant,Pasig,,GO ASIA ENTERTAINMENT
550,HR Recruitment Officer,Pasig,,Lewis Glanz Consulting
551,Clinic Facialist for Ortigas Area,Pasig,,SkinStation
552,IT Technical Support,Pasig,,"Phil-Data Business Systems, Inc."
553,Accounts Receivable Assistant,Pasig,,Unibag Polysack Corporation
554,IT Specialist,Pasig,,"Phil-Data Business Systems, Inc."
555,Technical Support for BPO | 100% Non-Voice,Pasig,,Transec BPO Solutions Inc.
556,Accounting Staff,Pasig,,Eagle Star Industrial Sales Corporation
557,Jr. Ecom Staff ( Salesforce commerce cloud demandware),Pasig,,GNC Live well - Total Nutrition Corporation
558,"ACCOUNTING ASSISTANT (De Castro, Pasig)",Pasig,,Cha Tuk Chak PH
559,Human Resources Expert (Management level),Pasig,,Lewis Glanz Consulting
560,Administrative Assistant,Pasig,"PHP 16,000 a month",KKMC Staffing
561,Manicurist,Pasig,"PHP 13,000 - PHP 15,000 a month",BOSSMAN
562,Marketing Officer,Temporarily Remote in Pasig,,"Fisherfarms, Inc."
563,Operational Manager,Pasig,,JobPro Recruiting and Services Agency Inc.
564,HR Recruitment Specialist for BPO | Dayshift | Non-Volume Hi...,Pasig,,Transec BPO Solutions Inc.
565,Bookkeeper / Accounting Staff (Urgent),Pasig,,Nclub Inc.
566,Science Teacher (Pasig),Remote in Pasig,"PHP 14,000 - PHP 16,000 a month","APEC Schools, Inc."
567,Technical Recruiter [Onsite - Ortigas],Pasig,"PHP 25,000 - PHP 45,000 a month",Outsource Accelerator
568,Financial Analyst,Pasig,,Alta Resources
569,Accounts Payable Supervisor,Pasig,,Readycon Trading & Construction Corporation
570,Digital Account Executive,Pasig,,Vero
571,Junior Lawyer,Pasig,,Lewis Glanz Consulting
572,HR Officer (HRIS / Data Management),Pasig,,Joy~Nostalg Group
573,Mathematics Teacher (Pasig),Remote in Pasig,"PHP 14,000 - PHP 16,000 a month","APEC Schools, Inc."
574,Commercial Manager,Pasig,,"MIRAIT PHILIPPINES, INC."
575,Business Development Supervisor,Pasig,,Readycon Trading & Construction Corporation
576,Receptionist,Pasig,,LSERV Corporation
577,Company Nurse,Pasig,,Readycon Trading & Construction Corporation
578,"Link Builder Specialist (Direct, Hybrid, Ortigas) #OABPO",Pasig,"PHP 20,000 - PHP 35,000 a month",Outsource Accelerator
579,Digital Marketing Officer,Temporarily Remote in Pasig,,"Fisherfarms, Inc."
580,Accounting Specialist,Pasig,"PHP 20,000 - PHP 27,000 a month",InterBiz Consulting Group Inc.
581,Certified Public Accountant,Pasig,"PHP 17,000 - PHP 18,000 a month",Seiko Philippines
582,Nail Technician,Pasig,"PHP 13,000 - PHP 15,000 a month",BOSSMAN
583,IT Support Specialist,Pasig,,"Phil-Data Business Systems, Inc."
584,"CHEF (De Castro, Pasig)",Pasig,,Cha Tuk Chak PH
585,ACCOUNT SUPERVISOR,Pasig,,WOK ALLEY
586,Database Administrator (Oracle),Remote in Pasig,,DBQuest Inc.
587,Field Relationship Officer,Pasig,,Consult Asia Business Solutions & Advisory...
588,ACCOUNTING ASSOCIATE,Pasig,,Recruitment Center Philippines Inc.
589,Provider Enrollment and Credentialing,Pasig,,Vivo HealthStaff
590,Barber,Pasig,,BOSSMAN
591,Looking for Travel Account Position w/ GDS Experience Requir...,Pasig,,NeksJob Philippines
592,Sales and Marketing - OJT,Pasig,,"Ananta Industries, Inc."
593,Financial Accountant,Pasig,,IQ-EQ
594,Research and Development (Food Tech) - Pasig,Pasig,,"Infinity Strategic Management Solutions, Inc."
595,IT Technical Support Specialist,Pasig,,"Phil-Data Business Systems, Inc."
596,Business Continuity Manager,Pasig,,IQ-EQ
597,Accounting Specialist for Merchant Settlement,Pasig,,Veritas Pay Philippines Inc.
598,"Call Center Agent CSR - Work in Ortigas, Pasig - No Exp / HS...",Remote in Pasig,,GHS Global
599,Purchasing Staff - Pasig,Pasig,,"Infinity Strategic Management Solutions, Inc."
600,Accounting Analyst (CPA licensed),Pasig,,"Unilogix, Inc."
601,Assistant Accounting Manager,Pasig,,CRYSTAL STEEL FABRICATORS PHILS
602,KITCHEN TEAM MEMBER - PREPARATION,Pasig,PHP 537 a day,MIMMI LP
603,Client Service Associate - Social Media Account (B2B),Pasig,"PHP 43,000 a month",Talent Guider
604,Gardener,Pasig,PHP 537 a day,Clarisse-GAIC Manpower Services (GAMSI)
605,Accounting Specialist - QuickBooks Expert,Pasig,,ClearSource
606,"Company Clinic Nurse - Julia Vargas Ave., Pasig City",Pasig,"PHP 20,000 - PHP 24,000 a month",MedGrocer
607,Clinic Manager for Ayala Malls the 30th,Pasig,,SkinStation
608,Sales Executive,Pasig,PHP 537 a day,"WESERVE Management and Manpower Services, Inc."
609,Accounting Assistant - ORTIGAS,Pasig,"PHP 14,000 - PHP 16,000 a month",Primesearch Service Provider Corp.
610,Supplier Sourcing Specialist,Pasig,"PHP 20,000 - PHP 27,000 a month",InterBiz Consulting Group Inc.
611,Barber,Pasig,,Bruno's Services Corporation
612,Accounting Assistant,Pasig,"PHP 14,000 a month","Infinity Strategic Management Solutions, Inc."
613,Account Executive (ICT),Pasig,"PHP 20,000 a month",i21recruitment
614,KITCHEN TEAM MEMBER - CASHIER,Pasig,PHP 537 a day,MIMMI LP
615,Data Entry Specialist,Pasig,,ActivAsia Inc.
616,Executive Assistant,Pasig,,Robinsons Land
617,Online Monitoring Specialist,Remote in Pasig,,Isentia - Talent International (RPO)
618,Payroll Officer,Pasig,,Rentokil Initial
619,IT STAFF,Pasig,,JT Express
620,Global Service Desk,Pasig,,Grundfos Holding A/S
621,Quality Control Associate - Ortigas Office,Pasig,,JT Express
622,Data Warehouse Admin Associate,Pasig,,World Vision International
623,Cash Collection Specialist,Pasig,,Grundfos Holding A/S
624,Global Sourcing Specialist,Pasig,,Grundfos Holding A/S
625,"Regional Director of Operations, Digital Solutions",Pasig,,Iron Mountain
626,ITIL Process Consultant,Pasig,,Grundfos Holding A/S
627,Technical Support Representative I / II (Service Desk),Pasig,,FIS Global
628,Security Operations Consultant,Pasig,,Grundfos Holding A/S
629,Site ID Svcs Specialist 1,Pasig,,IQVIA
630,Accounting Assistant,Pasig,,"Infinity Strategic Management Solutions, Inc."
631,Account Executive (ICT),Pasig,,i21recruitment
632,KITCHEN TEAM MEMBER - CASHIER,Pasig,,MIMMI LP
633,Data Entry Specialist,Pasig,,ActivAsia Inc.
634,Executive Assistant,Pasig,,Robinsons Land
635,Online Monitoring Specialist,Remote in Pasig,,Isentia - Talent International (RPO)
636,Payroll Officer,Pasig,,Rentokil Initial
637,IT STAFF,Pasig,,JT Express
638,Global Service Desk,Pasig,,Grundfos Holding A/S
639,Quality Control Associate - Ortigas Office,Pasig,,JT Express
640,Data Warehouse Admin Associate,Pasig,,World Vision International
641,Cash Collection Specialist,Pasig,,Grundfos Holding A/S
642,Global Sourcing Specialist,Pasig,,Grundfos Holding A/S
643,"Regional Director of Operations, Digital Solutions",Pasig,,Iron Mountain
644,ITIL Process Consultant,Pasig,,Grundfos Holding A/S
645,Technical Support Representative I / II (Service Desk),Pasig,,FIS Global
646,Security Operations Consultant,Pasig,,Grundfos Holding A/S
647,Site ID Svcs Specialist 1,Pasig,,IQVIA
648,SAP Fico Application Support,Pasig,,Grundfos Holding A/S
649,Email Marketing Specialist,Remote in Pasig,,StraightArrow Corporation
650,"Application Analyst, SAP MDM",Pasig,,Grundfos Holding A/S
651,Social Media Specialist,Remote in Pasig,,StraightArrow Corporation
652,Marketing Manager - Special Projects,Pasig,,Robinsons Land
653,Master Data Analyst,Pasig,,Grundfos Holding A/S
654,Customer Lifecycle Manager,Pasig,,Coins.ph
655,IT Business Analyst,Pasig,,Grundfos Holding A/S
656,"HR Solutions, Application Specialist-Payroll and Time & Atte...",Pasig,,Grundfos Holding A/S
657,SQL Database Administrator,Pasig,,Grundfos Holding A/S
658,News writer - Media and Telecommunications News,Pasig,,S&P Global Market Intelligence
659,IT Service Desk Team Leader,Pasig,,H2 Software Consulting Services Inc.
660,"SAP, Scrum Master",Pasig,,Grundfos Holding A/S
661,IT HR Consultant & Scrum Master,Pasig,,Grundfos Holding A/S
662,Documentation Assistant,Pasig,"PHP 16,000 - PHP 19,000 a month",Loxon Wandset Incorporated
663,NON VOICE | CHAT & EMAIL SUPPORT,Pasig,,Transec BPO Solutions Inc.
664,Server,Pasig,"PHP 16,000 a month",Love a Bowl Foods Inc.
665,Commissary Supervisor,Pasig,"PHP 25,000 - PHP 30,000 a month",Frankie's New York Buffalo Wings
666,Housekeeping Attendant,Pasig,PHP 537 a day,XISSCO
667,CALL CENTER AGENT/CSR -WFH,Remote in Pasig,"PHP 25,000 - PHP 30,000 a month",Jobtask
668,Reservation Officer,Pasig,,Accurate Health Medical Corp
669,"ACCOUNTING STAFF ( KAPITOLYO, PASIG CITY)",Pasig,"PHP 16,000 - PHP 18,000 a month",UCC Coffee Philippines
670,NURSING ASSISTANT,Pasig,,Tricity Medical Center
671,Medical Secretary PERMANENT WORK FROM HOME,Remote in Pasig,PHP 204 an hour,Practice Elite
672,Call Center Agent,Pasig,"PHP 20,000 - PHP 25,000 a month",TaskUs
673,IT Officer,Remote in Pasig,"PHP 20,000 - PHP 25,000 a month",Homeschool Global Learning Inc.
674,Data Entry Specialist (Shipping and Logistics) | Up to 19K,Pasig,"PHP 15,500 - PHP 19,500 a month",Offshore Business Processing Inc
675,Recruitment Analyst,Pasig,"PHP 18,000 - PHP 25,000 a month","Unilogix, Inc."
676,Recruitment Assistant,Pasig,"PHP 16,000 - PHP 18,000 a month",Cloud Panda PH Inc.
677,Filing Clerk (High School Graduate),Pasig,,The Medical City Clinic
678,HR Associate,Pasig,,Servimax Technologies Inc
679,Customer Care,Pasig,"PHP 16,000 - PHP 18,000 a month",Philippine Blue Cross Biotech Corporation
680,Freelance Content Editor,Pasig,,Homeschool Global Learning Inc.
681,Legal Assistant,Pasig,"PHP 20,000 a month",Philippine Estates Corporation
682,Learning and Development Intern,Pasig,,IQ-EQ
683,Admin and Documentation Assistant,Pasig,"PHP 16,000 - PHP 18,000 a month",The Wellex Group of Companies
684,Real Time Analyst (WFM),Pasig,,ClearSource
685,Massive Hiring|Easy Account|HMO DAY ONE,Pasig,"PHP 17,000 - PHP 28,000 a month",Sapient Global Services
686,Project Manager Telco,Remote in Pasig,,"Weavenet Int'l Inc.,"
687,CONTRACT ANALYST | Open for Fresh Graduates,Remote in Pasig,,"Eximius BPO Services, Inc."
688,HR Officer,Pasig,"PHP 18,000 - PHP 20,000 a month",Philippine Blue Cross Biotech Corporation
689,Recruitment Associate,Pasig,"PHP 18,000 a month",Guill-Bern Corporation
690,Human Resource Staff (Pasig),Pasig,,BARC Business and Management Inc.
691,Dental Assistant,Pasig,,YSA Dermatology - Dentistry
692,Food Service Cashier (Weekender) - Pasig,Pasig,,Landers Superstore
693,"Certified Public Accountant -- (Up to 60,500K) *with Signing...",Pasig,,Offshore Business Processing Inc
694,Medical Sales Representative,Pasig,,Guill-Bern Corporation
695,Mortgage Loan Processor- Au,Remote in Pasig,,LOANWORKS TECHNOLOGIES
696,Digital Marketing Strategist_0059,Pasig,,Intelegencia BPO LLC Corp.
697,Recruitment Coordinator,Remote in Pasig,,Fujitsu
698,POS Support,Pasig,,Curo Teknika Inc.
699,Safety Officer,Pasig,,FinAsia Land Development and Construction Corp
700,Safety Officer,Pasig,,Synlink Business Solutions
701,MASS HIRING | CALL CENTER AGENTS,Pasig,,Sapient Global Services
702,Workforce Analyst_0058,Pasig,,Intelegencia BPO LLC Corp.
703,Receptionist/Secretary,Pasig,,JTC Group of Companies
704,Sales Associate for Mall Kiosk,Pasig,,Flowerstore.ph
705,Field Technician,Pasig,,Teksolution Corp.
706,Call Center Agent- ONE DAY PROCESS!! ORTIGAS PASIG!!,Remote in Pasig,,GDV Business Services Co.
707,Receptionist,Pasig,,First Corinthians Multi Purpose Cooperative
708,Day shift account/ Open for Newbies,Pasig,,"Stark Asia Solutions, Inc"
709,Marketing Administration Support - Short term contract,Remote in Pasig,,Outforce Inc.
710,Customer Support | Dayshift & Local Account | Open to Fresh...,Pasig,,Transec BPO Solutions Inc.
711,Workforce Management Real-time Analyst,Pasig,,Nearsol Philippines
712,Product Specialist,Pasig,,Guill-Bern Corporation
713,Purchasing Specialist,Pasig,,Frankie's New York Buffalo Wings
714,Online Sales Staff,Pasig,,Primeline Products Philippines Inc
715,Accounting Staff (Ortigas),Pasig,,APEC Homes
716,Credit and Collection Assistant,Pasig,,Accurate Health Medical Corp
717,Telco Project Manager,Remote in Pasig,,"Weavenet Int'l Inc.,"
718,Audit Associate,Pasig,,PricewaterhouseCoopers Acceleration Center Manila
719,RAMPING!! CALL CENTER AGENTS/ HYBRID/ONSITE,Pasig,,Metacom Business Process Outsourcing Solutions
720,Fleet Clerk,Pasig,,Protek Telecom Support Inc.
721,Safety Officer,Pasig,PHP 537 a day,Fadz Construction Inc.
722,Technical / Sales Support Representative,Remote in Pasig,"PHP 20,000 - PHP 25,000 a month",FBC Asia Pacific Inc.
723,Operations Specialist,Remote in Pasig,,Etaily
724,Trainer_0055,Pasig,"PHP 28,000 - PHP 30,000 a month",Intelegencia BPO LLC Corp.
725,Accounting Assistant,Pasig,"PHP 15,000 - PHP 18,000 a month",First Maharlika Collection Management Inc.
726,Accounting Assistant (entry-level),Pasig,"PHP 15,000 a month",PROCESS SYNERGY INC.
727,Technical Documentation Writers,Pasig,,Metropolitan Insurance Co. Inc.
728,Junior Lawyer,Pasig,,The Wellex Group of Companies
729,Telemarketer,Pasig,"PHP 18,000 a month",Inhail Trading
730,Accounting Assistant,Pasig,"PHP 18,000 - PHP 20,000 a month",The Wellex Group of Companies
731,HR Associate,Pasig,,Forever Flawless Face & Body Center Inc.
732,Audit Staff,Pasig,,Eagle Star Industrial Sales Corporation
733,HR Generalist - Hybrid Setup,Remote in Pasig,,Ingenious Solutions Inc.
734,Sales Associate,Pasig,"PHP 13,000 - PHP 20,000 a month",KIT Packing Solutions
735,SEO / Product Content Specialist_50,Pasig,"PHP 30,000 - PHP 35,000 a month",Intelegencia BPO LLC Corp.
736,Sales Associate,Pasig,,Seiko Philippines
737,HR Supervisor,Remote in Pasig,,Agribusiness Rural Bank Inc.
738,Marketing Intern,Pasig,,ClearSource
739,Key Account Specialist (SALES EXECUTIVE),Pasig,"PHP 16,000 - PHP 18,000 a month",UCC Coffee Philippines
740,Accounting Assistant,Pasig,,Jobpro Recruiting and Services Agency Inc.
741,Audit Officer,Pasig,,JTC Group of Companies
742,DATA MODELER,Remote in Pasig,"PHP 80,000 a month",INFO-ALCHEMY CORPORATION
743,IT Staff,Pasig,"PHP 13,000 a month",Systemantech INC
744,Customer Support Representative - Travel Account in Pasig,Pasig,"PHP 16,000 - PHP 40,000 a month","Jobozuki, Inc."
745,Advertising Account Executive,Pasig,"PHP 25,000 - PHP 32,000 a month",Team OnGround
746,POS PREPARATION SPECIALIST - TANGENT SOLUTIONS INC,Pasig,,Market Place Christian Church Transport and Multi-...
747,Office Staff,Pasig,,Peso Resources Development Corporation
748,Finance Assistant,Pasig,,SR METALS INC
749,Accounting Clerk,Pasig,,Bright League Solution Inc. (BLSI)
750,Telemarketer,Pasig,"PHP 16,000 - PHP 17,000 a month","Welcome Finance, Inc."
751,Air Conditioning Technician (Ortigas),Pasig,,The Medical City Clinic
752,Talent Operations manager (recruitment manager),Pasig,"PHP 30,000 - PHP 40,000 a month",Elite Headhunting
753,Audit Assistant,Pasig,"PHP 15,600 - PHP 18,500 a month",Philippine Vending Corporation
754,Customer Service Representative - Travel Account,Pasig,"PHP 18,000 - PHP 30,000 a month",GDV Business Services Co.
755,Business Analyst,Remote in Pasig,"PHP 18,000 - PHP 25,000 a month",Simplevia Technologies Inc.
756,Financial Advisor,Remote in Pasig,"PHP 15,000 a month",Pru Life UK Philippines CSLIA Branch
757,FLEET COORDINATOR/MECHANIC,Pasig,,Filstar Distributors Corporation
758,Accountant,Pasig,"PHP 20,000 a month",First Philippine Industrial Park
759,CREATIVE DIRECTOR,Pasig,,TechTiera Corp
760,Call Center Job: CSR- Financial Account open for Newbies,Pasig,"PHP 16,000 a month",NEKSJOB Corp.
761,Accounting Staff,Pasig,,Tricity Medical Center
762,Social Media Specialist,Pasig,"PHP 14,000 - PHP 18,000 a month",La Europa Ceramica Tile Center Inc
763,Accounting Manager,Pasig,"PHP 30,000 a month",R.P. Alingog Development Corporation
764,Call Center Agent | Pasig City | Onsite,Pasig,"PHP 15,000 - PHP 20,000 a month",G|obal Headstart Recruiters - Makati Branch
765,Product Specialist- Medical Device Company,Pasig,,Bershaw Consultancy
766,Cashier,Pasig,,NEXTHUB AUTO CARE
767,SALES - B2B,Pasig,,YFC-Boneagle INTERNATIONAL INC.
768,URGENT: Field Sales Agent (Free Travel) - accepts fresh grad...,Pasig,,Fundpro Marketing International Inc.
769,Treasury Staff,Pasig,,JTC Group of Companies
770,"Store Supervisor/Head- SM Megamall, Shangrila and Rob. Galle...",Pasig,,Vogue Concepts Inc.
771,HR Supervisor,Pasig,,Supcart Trading Corporation
772,Workforce Management - RTA Lead,Remote in Pasig,,ClearSource
773,Company Driver,Pasig,,La Europa Ceramica Tile Center Inc
774,Company Nurse / HR Jr. Officer,Pasig,,General Heat Corporation
775,Vice President for Sales and Marketing,Pasig,,JTC Group of Companies
776,Customer Service Representative (CSR),Pasig,,Elevate Headhunting Inc
777,Talent Acquisition Manager,Pasig,,IQ-EQ
778,Accounting Assistant,Pasig,,OPTIMUM ENFORCEMENT MANUFACTURING INC.
779,OR Nurse,Pasig,,Marikina Doctors Hospital and Medical Center
780,Driver,Pasig,,Jobpro Recruiting and Services Agency Inc.
781,Travel Agent / Travel Account UP TO 40k,Remote in Pasig,,Trinity Workforce Solutions
782,Shuttle Driver,Pasig,,The Fourth Dimension Inc.
783,General Bookkeeper,Pasig,,First Phil. Skills and Equipment Testing Corp.
784,Call Center Agents - Travel Account in Pasig City On-Site,Pasig,,"Global H.Start Specialist,Inc."
785,Accounting Assistant,Pasig,,Carpetworld Mfg. Corporation
786,Sales Promodiser,Pasig,,Jobpro Recruiting and Services Agency Inc.
787,IT Helpdesk Support - Pasig,Pasig,,UNISON COMPUTER SYSTEMS INC
788,Accounting Manager,Pasig,,"JK Capital Finance, Inc."
789,Customer Service Associate,Pasig,,Global Rescue
790,Helpdesk - Customer Support Representative,Pasig,,UNISON COMPUTER SYSTEMS INC
791,Sales Representative - South Luzon Area,Pasig,,Polymer Products (Phil.) Inc.
792,Sales and Marketing Respresentative,Pasig,,Accurate Health Medical Corp
793,Sales Associate,Pasig,,"Paris Miki Philippines, Inc."
794,Quality Assurance Analyst,Pasig,,"Infinity Strategic Management Solutions, Inc."
795,Corporate Lawyer,Pasig,,JTC Group of Companies
796,Sales Representative,Pasig,,JTC Group of Companies
797,Service Advisor - Automotive,Pasig,,NEXTHUB AUTO CARE
798,Workforce Management Supervisor (Staffing & Scheduling),Remote in Pasig,,ClearSource
799,ACCOUNTS SPECIALIST - LOGISTICS,Pasig,,Filstar Distributors Corporation
800,SEO Analyst (Hybrid Work Setup),Remote in Pasig,,Deployed Philippines Inc
801,Account Manager,Temporarily Remote in Pasig,,"Profiles Asia Pacific, Inc."
802,Financial Accounting (Fresh Graduates),Pasig,,"SMITS, Inc. - IT Company of San Miguel Corporation"
803,Medical Operations Specialist - Nurse,Pasig,,Global Rescue
804,Marketing Officer,Pasig,,Team OnGround
805,Business Analyst,Pasig,,IQ-EQ
806,AUDIT MANAGER,Pasig,,Baldo Construction and Development Corporation
807,Junior Accountant Apprenticeship,Pasig,,IQ-EQ
808,SALES CLUSTER HEAD (SUPERVISOR) MANILA OFFICE,Pasig,,Ritegroup Incorporated
809,Accounting Supervisor (URGENT!),Pasig,,"CORE HR Business Solutions, Inc."
810,IT Assistant,Pasig,,Great Maximilian Communications Inc
811,Functional Consultant (Product Support Analyst - Temp WFH),Temporarily Remote in Pasig,,Deployed Philippines Inc
812,Bookkeeper,Pasig,,HICC International Construction Corp.
813,Marketing Assistant,Pasig,,Consult Asia Business Solutions & Advisory...
814,Head Chef - Pasig,Pasig,,Noodlerama Group Inc
815,Truck Driver,Pasig,,1ROTARY TRADING CORPORATION
816,Implementation Service Representative|Pasig-JMM,Pasig,,"John Clements Consultants, Inc."
817,CSR Agents - Travel Account in Pasig,Pasig,,The Global HS INc
818,HR Recruitment Assistant,Pasig,,"CNT Promo & Ads Specialists, Inc."
819,BRAND MARKETING SPECIALISTS,Pasig,,Filstar Distributors Corporation
820,B2B Marketing & Content Lead,Remote in Pasig,,Etaily
821,FRESH GRADUATE ANY COURSE - ORTIGAS PASIG,Pasig,,"Information Professionals, Inc."
822,Bookkeeper - AU,Pasig,,TOA Global
823,Configuration Manager,Remote in Pasig,,Lewis Glanz Consulting
824,Membership Card Processor,Pasig,,Value Care Health Systems
825,Helpdesk Coordinator (RPO),Pasig,,IBM
826,Receptionist | Front Desk,Pasig,,CMG Retail Group
827,Order Processor,Remote in Pasig,,"ProView Global Administration, Inc."
828,International Superintendent,Pasig,,The Haskell Company
829,RESEARCH-ANALYST,Pasig,,AVISO
830,2248 - Production Scheduler 3,Pasig,,IQVIA
831,Client Billing Coordinator,Temporarily Remote in Pasig,,Isentia - Talent International (RPO)
832,Section Head - Members Data Admin,Pasig,,Value Care Health Systems
833,Product Support Agent I,Pasig,,RealPage
834,Finance Product Associate,Pasig,,GrowSari
835,Editor,Pasig,,Nielsen
836,Finance Analyst (Supply Chain),Pasig,,GrowSari
837,HR Associate | Recruitment,Pasig,,"COL Financial Group, Inc."
838,Section Head - Individual and Family,Pasig,,Value Care Health Systems
839,Business Development Executive (Philippines),Pasig,,Iron Mountain
840,Company Nurse,Pasig,,Value Care Health Systems
841,News writer - Media and Telecommunications News,Pasig,,S&P Global
842,Accounting Assistant,Pasig,,GREAT MAXIMILIAN COMMUNICATIONS INC.
843,Workforce Manager,Pasig,,TaskUS
844,E-commerce Assistant,Remote in Pasig,"PHP 40,000 a month",Circa Logica Group
845,Medical Billing Specialist (Day Shift),Pasig,"PHP 25,000 - PHP 50,000 a month",Friendlysoft Technology Inc.
846,Admin/ Receptionist,Pasig,"PHP 17,000 a month",Cloud Panda PH Inc.
847,HR Data Entry Clerk,Pasig,"PHP 18,000 - PHP 25,000 a month","Wonese, Philippines Inc."
848,"CSR, Dayshift (With or Without Experience) START ASAP",Pasig,"PHP 16,000 - PHP 16,500 a month","Stark Asia Solutions, Inc"
849,Project Based Encoder,Pasig,,"JAKA DISTRIBUTION, INC."
850,Call Center Agent(CSR) - HS Grad/No Exp Accepted - Pasig Cit...,Remote in Pasig,"PHP 15,000 - PHP 27,000 a month",GHS Specialist
851,MEDICAL CODERS,Remote in Pasig,,MiraMed Philippines
852,Local Account - Call Center Agent - Ortigas City,Pasig,"PHP 17,000 - PHP 24,000 a month",Headstart
853,Management Trainee (Pasig),Pasig,"PHP 16,000 - PHP 18,000 a month",UCC Coffee Philippines
854,Talent Acquisition Associate for BPO | Open to Fresh Graduat...,Pasig,,Transec BPO Solutions Inc.
855,Security Officer,Pasig,,Rising Sun Security and Investigation Agency Inc.
856,Administrative Assistant,Pasig,,Philippine Vending Corporation
857,Liason Officer,Pasig,,Apo Associated Radio Electronics and...
858,Treasury Staff,Pasig,,"Cleanfuel Autogas Inc.,"
859,CSR Local Non-Voice Account,Pasig,,"GICF, Inc."
860,Treasury Supervisor (Pasig City),Pasig,,UCC Coffee Philippines
861,Audit Associate,Remote in Pasig,,Sison Corillo Parone & Co
862,Marketing Manager,Pasig,,Victoria Court
863,Filipino Teacher,Temporarily Remote in Pasig,,Antioch School Manila
864,Office Staff,Pasig,,"THE MANILA CHECMOIL TANK AND TANERS CO INC.,"
865,Field Collector,Pasig,,Agrifund Finance
866,"WFH Account Manager up to P55,000 a month #OI",Remote in Pasig,,Outsource Accelerator
867,Content Writer,Temporarily Remote in Pasig,,Global Rescue Pacific LLC Philippines
868,First Aider,Pasig,,"LOXON PHILIPPINES, INC"
869,Office Staff/Inventory Clerk,Pasig,,Mang Juan Franchising Corporation
870,Student Intern,Pasig,,RGMC Group of Companies
871,Credit and Collection Officer,Pasig,,Philippine Spring Water Resources Incorporated...
872,Accounting Associate,Pasig,,Stealth Monitoring
873,Personal Driver,Pasig,,Adgarlic Inc.
874,Goverment Relations Specialist,Pasig,,Primeline Products Philippines Inc
875,Pastry Chef,Pasig,,CHEF'S SECRET
876,Part-Time Sports Player,Pasig,,Decathlon
877,HR Assistant,Pasig,,First Vita Plus Marketing Corporation
878,Account Officer,Pasig,,"CIS Bayad Center, Inc."
879,HR Recruitment Associate,Pasig,,TDCX Philippines
880,ADMIN - ASSISTANT MANAGER,Pasig,,WBE SNAPPY LOGISTICS
881,Company Messenger,Pasig,,Adgarlic Inc.
882,Rider (Head Office),Pasig,,Philweb
883,Digital Marketing Officer,Remote in Pasig,,"CIS Bayad Center, Inc."
884,General Clerk,Pasig,,"Mercury Group of Companies, Inc"
885,Technical Support Representative,Pasig,"PHP 18,000 - PHP 20,000 a month",STARTEK
886,HR Specialist,Pasig,,TDCX Philippines
887,Admin Assistant Officer (Pasig),Pasig,"PHP 14,000 - PHP 17,000 a month",Aguila Auto Glass
888,Social Media Manager,Pasig,,Tickled Media
889,HR RECRUITMENT SPECIALIST • NON-VOLUME HIRING,Pasig,,Transec BPO Solutions Inc.
890,Auditor,Remote in Pasig,,Agribusiness Rural Bank Inc.
891,OSP Site Project Manager,Pasig,"PHP 65,000 - PHP 80,000 a month",FIBERNET KONSTRUKT CORP.
892,Researcher for Healthcare Incentives,Pasig,"PHP 25,000 - PHP 40,000 a month",Friendlysoft Technology Inc.
893,Local Contractor_transcription and translation of qualitativ...,Pasig,,USAID's ReachHealth Project
894,Front Desk Officer,Pasig,"PHP 14,000 - PHP 15,000 a month",Tenfold MetalWorks Incorporated
895,Office Staff/Admin Assistant,Pasig,"PHP 12,000 - PHP 14,000 a month",Mang Juan Franchising Corporation
896,Stockman/SA- Levi's Robinson's Galleria,Pasig,,Vogue Concepts Inc.
897,Billing and Contract Specialist,Pasig,,SMITS Inc.
898,Accouting Payables Assistant,Pasig,"PHP 17,000 - PHP 18,000 a month",Primeline Products Philippines Inc
899,Local Consultant-video materials for the online course,Remote in Pasig,,USAID's ReachHealth Project
900,Admin Associate,Pasig,"PHP 16,000 - PHP 18,000 a month",PTR Properties Inc.
901,Email /Chat Support Agent -WFH,Remote in Pasig,"PHP 22,000 a month",Acquire
902,Call Center Agent - (WFH/Office based),Remote in Pasig,,Acquire
903,Call Center Agent l No Experience Need * WFH Or WOS * Hotel...,Remote in Pasig,"PHP 15,000 a month",Neksjob
904,Collection Specialist,Remote in Pasig,,Agribusiness Rural Bank Inc.
905,Customer Service Staff,Pasig,,Roshan Commercial Corporation - Spyder Philippines
906,Hotel Banquet Supervisor,Pasig,,Astoria Plaza Hotel
907,Content Writer,Pasig,"PHP 28,000 - PHP 33,000 a month",ClearSource
908,HR and Admin Officer,Pasig,"PHP 20,000 a month",Adgarlic Inc.
909,HR Associate| Recruitment,Pasig,"PHP 18,000 a month","CIS Bayad Center, Inc."
910,Account Officer,Pasig,"PHP 20,000 - PHP 30,000 a month","TRBank, Inc. (A Rural Bank)"
911,Medical Sales Representative,Pasig,"PHP 15,000 - PHP 17,000 a month",MeriJR Enterprises Inc.
912,COLLECTION ASSISTANT,Pasig,"PHP 10,334 - PHP 12,000 a month",ACEE MANPOWER SERVICES
913,Secretary,Pasig,"PHP 15,000 a month","MFI POLYTECHNIC INSTITUTE, INC."
914,Customer Service Representative,Temporarily Remote in Pasig,,Centro GS-PHL Inc.
915,Multimedia Artist,Pasig,"PHP 28,000 - PHP 33,000 a month",ClearSource
916,Data Privacy Associate,Remote in Pasig,"PHP 20,000 - PHP 28,000 a month","CIS Bayad Center, Inc."
917,Recruitment Specialist,Pasig,"PHP 18,000 - PHP 30,000 a month",STARTEK
918,IT Financial Analyst - Night Shift - Work Remote,Remote in Pasig,"PHP 50,000 - PHP 70,000 a month",Code and Theory
919,Purchasing Staff,Pasig,,Cloud Panda PH Inc.
920,Water Plant Operator (Reverse Osmosis),Pasig,,Philippine Spring Water Resources Incorporated...
921,Account Executive (Work From Home),Temporarily Remote in Pasig,"PHP 20,000 - PHP 23,000 a month","Tierra Networks Technologies, Inc."
922,Product Development Officer,Pasig,,"Boosterfoods, Inc."
923,Delivery Driver,Pasig,PHP 537 a day,Upsurge Unlimited Resources Inc.
924,Call Center Agent,Pasig,,Sterling Global Call Center Inc.
925,Audit Supervisor,Pasig,,Astoria Plaza Hotel
926,INTERNAL AUDITOR,Pasig,"PHP 15,000 - PHP 18,000 a month",Jennys Garments Inc.
927,English Teacher,Temporarily Remote in Pasig,"PHP 15,000 - PHP 18,000 a month",Antioch School Manila
928,Operations Manager,Pasig,,Sterling Global Call Center Inc.
929,AutoCAD Operator,Pasig,"PHP 16,000 - PHP 17,000 a month","Right Jobs Philippines, Inc."
930,Local Consultant: Translator of contents for a website_Bisay...,Pasig,,USAID's ReachHealth Project
931,B2B Sales Executive (NCR),Pasig,"PHP 100,000 a month",ACFE COFFEE HOUSE
932,Purchasing Associate (Ortigas),Pasig,,The Medical City Clinic
933,Contracts Administrator / Manager,Pasig,,"Rider Levett Bucknall Philippines, Inc."
934,Local Consultant Writer & Communication & KM Consultant,Pasig,,USAID's ReachHealth Project
935,IT Staff,Pasig,"PHP 10,000 - PHP 12,600 a month",ACEE MANPOWER SERVICES
936,Accounting Manager,Pasig,"PHP 30,000 - PHP 35,000 a month",First Maharlika Collection Management Inc.
937,Marketing Head (Entertainment),Pasig,,Gentem Consulting Services
938,Logistics Coordinator,Pasig,,Rahi Systems
939,Housekeeping (Reliever),Pasig,PHP 537 a day,Job Clean Manpower and General Services...
940,Training Supervisor,Temporarily Remote in Pasig,"PHP 40,000 - PHP 50,000 a month",UX Direct Global Inc
941,Sales Account Executive,Pasig,"PHP 21,000 a month",Mikolas Corporation
942,Accounting Officer,Remote in Pasig,"PHP 20,000 - PHP 25,000 a month",Amplify Experience Agency
943,Forklift Operator,Pasig,"PHP 12,000 - PHP 14,000 a month",Inno Spire Outsourcing and General Services...
944,"HR Assistant (Head Office) - Ortigas Center, Pasig City",Pasig,,GD PRIME PROPERTY MANAGEMENT CORPORATION
945,Local Consultant: Translator of contents for a website_Bisay...,Pasig,,USAID's ReachHealth Project
946,B2B Sales Executive (NCR),Pasig,"PHP 100,000 a month",ACFE COFFEE HOUSE
947,Purchasing Associate (Ortigas),Pasig,,The Medical City Clinic
948,Contracts Administrator / Manager,Pasig,,"Rider Levett Bucknall Philippines, Inc."
949,Local Consultant Writer & Communication & KM Consultant,Pasig,,USAID's ReachHealth Project
950,IT Staff,Pasig,"PHP 10,000 - PHP 12,600 a month",ACEE MANPOWER SERVICES
951,Accounting Manager,Pasig,"PHP 30,000 - PHP 35,000 a month",First Maharlika Collection Management Inc.
952,Marketing Head (Entertainment),Pasig,,Gentem Consulting Services
953,Logistics Coordinator,Pasig,,Rahi Systems
954,Housekeeping (Reliever),Pasig,PHP 537 a day,Job Clean Manpower and General Services...
955,Training Supervisor,Temporarily Remote in Pasig,"PHP 40,000 - PHP 50,000 a month",UX Direct Global Inc
956,Sales Account Executive,Pasig,"PHP 21,000 a month",Mikolas Corporation
957,Accounting Officer,Remote in Pasig,"PHP 20,000 - PHP 25,000 a month",Amplify Experience Agency
958,Forklift Operator,Pasig,"PHP 12,000 - PHP 14,000 a month",Inno Spire Outsourcing and General Services...
959,"HR Assistant (Head Office) - Ortigas Center, Pasig City",Pasig,,GD PRIME PROPERTY MANAGEMENT CORPORATION
960,HR Generalist for BPO • Dayshift,Pasig,,Transec BPO Solutions Inc.
961,Call Center Agent!! ONE DAY PROCESS!!,Pasig,,GDV Business Services Co.
962,Customer Service Representative (CSR) /WFH,Remote in Pasig,,Jobtask
963,HR Recruitment Officer,Pasig,,Chip1 Electronics Phils. Inc.
964,IT Technical Support,Pasig,,CXING INC.
965,MAINTENANCE TECHNICIAN / ELECTRICIAN,Pasig,,UCC COFFEE PHILIPPINES
966,Quality Assurance Technician,Pasig,,CHEF'S SECRET
967,Assistant Restaurant Manager,Pasig,,JTC Group of Companies
968,Talent Acquisition Specialist,Remote in Pasig,,Aspiree Inc.
969,Recruitment Consultant (Philippines),Pasig,,ICG MEDICAL
970,Finance Operation Associate,Pasig,,Cloud Panda PH Inc.
971,Quality and Customer Experience Supervisor,Remote in Pasig,,UX Direct Global Inc
972,HR AND ACCOUNTING ASSISTANT,Pasig,,GameOps Inc.
973,Jr Payable Officer,Pasig,,GBMercado Manpower Recruitment Agency
974,HR Officer,Pasig,,"Gatchallan Tangalin and Co., CPAs"
975,GENERAL ACCOUNTANT (VALENZUELA),Pasig,,"Infinnum, Inc."
976,Sales Representative,Temporarily Remote in Pasig,,Ureka Steel Industries Corporation
977,Sales assistant positions open in Pasig main office,Pasig,,PCI Car Hub Philippines
978,Utility Personnel,Pasig,,JADEC Promo Inc
979,Math Teacher,Temporarily Remote in Pasig,,Antioch School Manila
980,HR Officer for Labor Relations,Pasig,,MONROE CONSULTING PHILIPPINES INC.
981,Risk Manager,Pasig,,Benedict Carl Manpower Consulting Inc
982,SALES MANAGEMENT TRAINEE (Free Travel + Uncapped Incentives)...,Pasig,,Fundpro Marketing International Inc.
983,Bank Reconciliation Clerk,Pasig,,THE TILEEXPO TRADING INC
984,ACCOUNTING SUPERVISOR (TREASURY),Pasig,,UCC Coffee Philippines
985,Telemarketer(Reliever),Pasig,,Protemps Incorporated
986,"Sales/Stock/Cashier Associates- SM Megamall, Rob. Galleria &...",Pasig,,Vogue Concepts Inc.
987,Company Nurse,Pasig,,"Rider Levett Bucknall Philippines, Inc."
988,URGENT Assistant Marketing Manager,Pasig,,RELISH GROUP
989,Sales Staff,Pasig,,VISMAY INTERNATIONAL CORPORATION
990,Legal Assistant,Pasig,,"Rider Levett Bucknall Philippines, Inc."
991,Payroll Staff - Benefits and Compensation,Pasig,,"Impact Staffing Hub, Inc."
992,Accounting Staff,Pasig,,Easy Commerce
993,On call Cake Decorator ( pastry baker),Pasig,,Ketos Diet Delivery Company
994,Scrum Master (Permanent Remote),Remote in Pasig,,CoDev
995,Accounting Staff,Pasig,,MIROF Resource inc
996,Accounting Supervisor (Credit & Collection),Pasig,,"JAKA DISTRIBUTION, INC."
997,Content Writer,Pasig,,Global Rescue
998,Technical Trainer,Pasig,,Forever Flawless Face & Body Center Inc.
999,Electrician,Pasig,,Job Clean Manpower and General Services...
1000,HR-Admin Executive Staff,Pasig,,WBE SNAPPY LOGISTICS
1001,HR Officer - Compensation&Benefits,Pasig,,"Primus @ Knowledge Specialists, Inc."
1002,Administrative Assistant,Pasig,,Peso Resources Development Corporation
1003,Sales Assistant,Pasig,,"The Pacific Meat Company, Inc."
1004,Human Resources Assistant,Pasig,,Guill-Bern Corporation
1005,Sales Assistant,Pasig,,"The Pacific Meat Company, Inc."
1006,Tax Assistant (FT),Pasig,,Dimension-All Inc.
1007,Bookkeeper,Pasig,,Bright League Solutions Inc.
1008,Human Resources Assistant,Pasig,,Guill-Bern Corporation
1009,HR Officer - Compensation&Benefits,Pasig,,"Primus @ Knowledge Specialists, Inc."
1010,Radiologic Technologist (Ayala Feliz),Pasig,,The Medical City Clinic
1011,Marketing Manager,Pasig,,Benedict Carl Manpower Consulting Inc
1012,IT Manager,Pasig,,Benedict Carl Manpower Consulting Inc
1013,Call Center Support Staff,Pasig,,CNT PROMO & ADS SPECIALIST INC.
1014,Customer Non-Voice Support | Technical Account,Pasig,,Transec BPO Solutions Inc.
1015,Customer Representative – Financial (Collection),Pasig,,Acquire Bpo
1016,Accounting Associate,Pasig,,Grenelle Central Corporation
1017,Purchasing Executive,Pasig,,GNC Live well - Total Nutrition Corporation
1018,Creative Director (44713),Pasig,,RCN PH NCareer
1019,HR Generalist,Pasig,,"Phil ExeqSearch Solutions, Inc."
1020,Accounting & Finance Supervisor,Pasig,,MeriJR Enterprises Inc.
1021,Legal Officer,Pasig,,"Asia Select, Inc. (ASI)"
1022,School Nurse,Pasig,,Sacred Heart Academy of Pasig
1023,PROJECT SITE NURSE,Pasig,,Cki Builders and Engineering Services
1024,Finance Manager,Pasig,,Benedict Carl Manpower Consulting Inc
1025,Marketing and Communications Officer,Pasig,,IQ-EQ
1026,Cashier/Service Crew,Pasig,,Excellent People's Multi-Purpose Cooperative
1027,Sales Representative - Telecommunication,Pasig,,Acquire Bpo
1028,General Technician / Driver,Pasig,,MV Ram Trading Company
1029,IN-HOUSE SALES EXECUTIVE,Pasig,,Primesearch Service Provider Corp.
1030,IT Auditor| Internal Audit,Remote in Pasig,,"CIS Bayad Center, Inc."
1031,Sales Consultant,Pasig,,Mang Juan Franchising Corporation
1032,Accounting Assistant,Pasig,,JR&R DISTRIBUTORS INC
1033,Tax Associate,Pasig,,Cloud Panda PH Inc.
1034,OFFICE STAFF/BOOKKEEPER,Pasig,,Bright League Solution Inc. (BLSI)
1035,Accounting Officer,Pasig,,Elite Headhunting
1036,Purchasing Clerk,Pasig,,"Cleanfuel Autogas Inc.,"
1037,Compensation and Benefits (Reliever),Pasig,,Consult Asia Business Solutions & Advisory...
1038,3D renderer (Revit),Pasig,,"Ascentia Outsourcing, Inc."
1039,IT Auditor,Pasig,,Benedict Carl Manpower Consulting Inc
1040,Pricing Analyst Telecom,Pasig,,AireSpring
1041,Accounting Staff - Audit,Pasig,,"Asia Select, Inc. (ASI)"
1042,Call Center Agent ORTIGAS PASIG HUB!! ONE DAY PROCESS!!,Remote in Pasig,,GDV Business Services Co.
1043,INTERNAL AUDIT STAFF- BUSINESS PROCESS,Pasig,,"VALUE CARE HEALTH SYSTEMS, INC."
1044,General Accountant,Pasig,,Stealth Monitoring
1045,IT Auditor| Internal Audit,Remote in Pasig,,"CIS Bayad Center, Inc."
1046,Sales Consultant,Pasig,"PHP 12,000 - PHP 15,000 a month",Mang Juan Franchising Corporation
1047,Accounting Assistant,Pasig,,JR&R DISTRIBUTORS INC
1048,Tax Associate,Pasig,,Cloud Panda PH Inc.
1049,OFFICE STAFF/BOOKKEEPER,Pasig,,Bright League Solution Inc. (BLSI)
1050,Accounting Officer,Pasig,"PHP 20,000 a month",Elite Headhunting
1051,Purchasing Clerk,Pasig,,"Cleanfuel Autogas Inc.,"
1052,Compensation and Benefits (Reliever),Pasig,"PHP 13,000 - PHP 15,000 a month",Consult Asia Business Solutions & Advisory...
1053,3D renderer (Revit),Pasig,"PHP 14,000 - PHP 18,000 a month","Ascentia Outsourcing, Inc."
1054,IT Auditor,Pasig,"PHP 40,000 - PHP 50,000 a month",Benedict Carl Manpower Consulting Inc
1055,Pricing Analyst Telecom,Pasig,,AireSpring
1056,Accounting Staff - Audit,Pasig,"PHP 20,000 - PHP 40,000 a month","Asia Select, Inc. (ASI)"
1057,Call Center Agent ORTIGAS PASIG HUB!! ONE DAY PROCESS!!,Remote in Pasig,"PHP 25,000 - PHP 30,000 a month",GDV Business Services Co.
1058,INTERNAL AUDIT STAFF- BUSINESS PROCESS,Pasig,,"VALUE CARE HEALTH SYSTEMS, INC."
1059,General Accountant,Pasig,,Stealth Monitoring
1060,IT Auditor| Internal Audit,Remote in Pasig,,"CIS Bayad Center, Inc."
1061,Sales Consultant,Pasig,"PHP 12,000 - PHP 15,000 a month",Mang Juan Franchising Corporation
1062,Accounting Assistant,Pasig,,JR&R DISTRIBUTORS INC
1063,Tax Associate,Pasig,,Cloud Panda PH Inc.
1064,OFFICE STAFF/BOOKKEEPER,Pasig,,Bright League Solution Inc. (BLSI)
1065,Accounting Officer,Pasig,"PHP 20,000 a month",Elite Headhunting
1066,Purchasing Clerk,Pasig,,"Cleanfuel Autogas Inc.,"
1067,Compensation and Benefits (Reliever),Pasig,"PHP 13,000 - PHP 15,000 a month",Consult Asia Business Solutions & Advisory...
1068,3D renderer (Revit),Pasig,"PHP 14,000 - PHP 18,000 a month","Ascentia Outsourcing, Inc."
1069,IT Auditor,Pasig,"PHP 40,000 - PHP 50,000 a month",Benedict Carl Manpower Consulting Inc
1070,Pricing Analyst Telecom,Pasig,,AireSpring
1071,Accounting Staff - Audit,Pasig,"PHP 20,000 - PHP 40,000 a month","Asia Select, Inc. (ASI)"
1072,Call Center Agent ORTIGAS PASIG HUB!! ONE DAY PROCESS!!,Remote in Pasig,"PHP 25,000 - PHP 30,000 a month",GDV Business Services Co.
1073,INTERNAL AUDIT STAFF- BUSINESS PROCESS,Pasig,,"VALUE CARE HEALTH SYSTEMS, INC."
1074,General Accountant,Pasig,,Stealth Monitoring
1075,IT Auditor| Internal Audit,Remote in Pasig,,"CIS Bayad Center, Inc."
1076,Sales Consultant,Pasig,"PHP 12,000 - PHP 15,000 a month",Mang Juan Franchising Corporation
1077,Accounting Assistant,Pasig,,JR&R DISTRIBUTORS INC
1078,Tax Associate,Pasig,,Cloud Panda PH Inc.
1079,OFFICE STAFF/BOOKKEEPER,Pasig,,Bright League Solution Inc. (BLSI)
1080,Accounting Officer,Pasig,"PHP 20,000 a month",Elite Headhunting
1081,Purchasing Clerk,Pasig,,"Cleanfuel Autogas Inc.,"
1082,Compensation and Benefits (Reliever),Pasig,"PHP 13,000 - PHP 15,000 a month",Consult Asia Business Solutions & Advisory...
1083,3D renderer (Revit),Pasig,"PHP 14,000 - PHP 18,000 a month","Ascentia Outsourcing, Inc."
1084,IT Auditor,Pasig,"PHP 40,000 - PHP 50,000 a month",Benedict Carl Manpower Consulting Inc
1085,Pricing Analyst Telecom,Pasig,,AireSpring
1086,Accounting Staff - Audit,Pasig,"PHP 20,000 - PHP 40,000 a month","Asia Select, Inc. (ASI)"
1087,Call Center Agent ORTIGAS PASIG HUB!! ONE DAY PROCESS!!,Remote in Pasig,"PHP 25,000 - PHP 30,000 a month",GDV Business Services Co.
1088,INTERNAL AUDIT STAFF- BUSINESS PROCESS,Pasig,,"VALUE CARE HEALTH SYSTEMS, INC."
1089,General Accountant,Pasig,,Stealth Monitoring
1090,IT Auditor| Internal Audit,Remote in Pasig,,"CIS Bayad Center, Inc."
1091,Sales Consultant,Pasig,"PHP 12,000 - PHP 15,000 a month",Mang Juan Franchising Corporation
1092,Accounting Assistant,Pasig,,JR&R DISTRIBUTORS INC
1093,Tax Associate,Pasig,,Cloud Panda PH Inc.
1094,OFFICE STAFF/BOOKKEEPER,Pasig,,Bright League Solution Inc. (BLSI)
1095,Accounting Officer,Pasig,"PHP 20,000 a month",Elite Headhunting
1096,Purchasing Clerk,Pasig,,"Cleanfuel Autogas Inc.,"
1097,Compensation and Benefits (Reliever),Pasig,"PHP 13,000 - PHP 15,000 a month",Consult Asia Business Solutions & Advisory...
1098,3D renderer (Revit),Pasig,"PHP 14,000 - PHP 18,000 a month","Ascentia Outsourcing, Inc."
1099,IT Auditor,Pasig,"PHP 40,000 - PHP 50,000 a month",Benedict Carl Manpower Consulting Inc
1100,Pricing Analyst Telecom,Pasig,,AireSpring
1101,Accounting Staff - Audit,Pasig,"PHP 20,000 - PHP 40,000 a month","Asia Select, Inc. (ASI)"
1102,Call Center Agent ORTIGAS PASIG HUB!! ONE DAY PROCESS!!,Remote in Pasig,"PHP 25,000 - PHP 30,000 a month",GDV Business Services Co.
1103,INTERNAL AUDIT STAFF- BUSINESS PROCESS,Pasig,,"VALUE CARE HEALTH SYSTEMS, INC."
1104,General Accountant,Pasig,,Stealth Monitoring
1105,IT Auditor| Internal Audit,Remote in Pasig,,"CIS Bayad Center, Inc."
1106,Sales Consultant,Pasig,,Mang Juan Franchising Corporation
1107,Accounting Assistant,Pasig,,JR&R DISTRIBUTORS INC
1108,Tax Associate,Pasig,,Cloud Panda PH Inc.
1109,OFFICE STAFF/BOOKKEEPER,Pasig,,Bright League Solution Inc. (BLSI)
1110,Accounting Officer,Pasig,,Elite Headhunting
1111,Purchasing Clerk,Pasig,,"Cleanfuel Autogas Inc.,"
1112,Compensation and Benefits (Reliever),Pasig,,Consult Asia Business Solutions & Advisory...
1113,3D renderer (Revit),Pasig,,"Ascentia Outsourcing, Inc."
1114,IT Auditor,Pasig,,Benedict Carl Manpower Consulting Inc
1115,Pricing Analyst Telecom,Pasig,,AireSpring
1116,Accounting Staff - Audit,Pasig,,"Asia Select, Inc. (ASI)"
1117,Call Center Agent ORTIGAS PASIG HUB!! ONE DAY PROCESS!!,Remote in Pasig,,GDV Business Services Co.
1118,INTERNAL AUDIT STAFF- BUSINESS PROCESS,Pasig,,"VALUE CARE HEALTH SYSTEMS, INC."
1119,General Accountant,Pasig,,Stealth Monitoring
